{"type":"FeatureCollection","meta":{"source":"OpenStreetMap ODbL","generated":"2026-09-14","bbox":[61.98,129.64,62.12,129.83],"method":"polygonize","count":632},"features":[{"type":"Feature","properties":{"block_id":"ykt-0001","area_m2":2243,"district":"микрорайон Ильинка","centroid":[129.640306,61.98028]},"geometry":{"type":"Polygon","coordinates":[[[129.64,61.980823],[129.640083,61.980766],[129.640917,61.98],[129.64,61.98],[129.64,61.980823]]]}},{"type":"Feature","properties":{"block_id":"ykt-0002","area_m2":40643,"district":"район завод ДСК","centroid":[129.685574,61.98062]},"geometry":{"type":"Polygon","coordinates":[[[129.689133,61.980142],[129.688865,61.98],[129.681278,61.98],[129.684262,61.98102],[129.686638,61.982009],[129.686815,61.981841],[129.686896,61.98169],[129.686976,61.981088],[129.687414,61.980858],[129.689133,61.980142]]]}},{"type":"Feature","properties":{"block_id":"ykt-0003","area_m2":39412,"district":"район Пригородный №1-1","centroid":[129.702641,61.980809]},"geometry":{"type":"Polygon","coordinates":[[[129.700011,61.98],[129.700773,61.980772],[129.700864,61.980937],[129.700996,61.981463],[129.70139,61.981844],[129.703371,61.981669],[129.704837,61.981412],[129.70465,61.980212],[129.704672,61.98],[129.700011,61.98]]]}},{"type":"Feature","properties":{"block_id":"ykt-0004","area_m2":89176,"district":"ДСК","centroid":[129.659651,61.980821]},"geometry":{"type":"Polygon","coordinates":[[[129.654437,61.98],[129.657225,61.982278],[129.664515,61.980925],[129.664988,61.980871],[129.665323,61.980911],[129.665271,61.980702],[129.664664,61.98],[129.654437,61.98]]]}},{"type":"Feature","properties":{"block_id":"ykt-0005","area_m2":68883,"district":"район завод ДСК","centroid":[129.668678,61.98101]},"geometry":{"type":"Polygon","coordinates":[[[129.664664,61.98],[129.665271,61.980702],[129.665323,61.980911],[129.665572,61.981061],[129.665886,61.981336],[129.666186,61.981492],[129.666943,61.981684],[129.671465,61.982412],[129.672105,61.982419],[129.671556,61.981294],[129.670848,61.98],[129.664664,61.98]]]}},{"type":"Feature","properties":{"block_id":"ykt-0006","area_m2":33175,"district":"район Пригородный №1-1","centroid":[129.706001,61.981216]},"geometry":{"type":"Polygon","coordinates":[[[129.705984,61.983089],[129.707184,61.981871],[129.707227,61.981739],[129.707041,61.980801],[129.707316,61.98],[129.704672,61.98],[129.70465,61.980212],[129.704837,61.981412],[129.705354,61.982133],[129.705464,61.982442],[129.705647,61.982731],[129.705984,61.983089]]]}},{"type":"Feature","properties":{"block_id":"ykt-0007","area_m2":13068,"district":"район Пригородный №1-1","centroid":[129.700092,61.981218]},"geometry":{"type":"Polygon","coordinates":[[[129.700461,61.980457],[129.698907,61.980811],[129.698797,61.980865],[129.69879,61.980917],[129.698889,61.981091],[129.699469,61.98159],[129.699868,61.981837],[129.700413,61.9819],[129.70139,61.981844],[129.700996,61.981463],[129.700864,61.980937],[129.700773,61.980772],[129.700461,61.980457]]]}},{"type":"Feature","properties":{"block_id":"ykt-0008","area_m2":1452,"district":"микрорайон Ильинка","centroid":[129.640247,61.982017]},"geometry":{"type":"Polygon","coordinates":[[[129.64074,61.982045],[129.64,61.981666],[129.64,61.98234],[129.64074,61.982045]]]}},{"type":"Feature","properties":{"block_id":"ykt-0009","area_m2":116803,"district":"район Пригородный №1-1","centroid":[129.699203,61.982407]},"geometry":{"type":"Polygon","coordinates":[[[129.699829,61.984924],[129.700667,61.984807],[129.700866,61.984582],[129.701136,61.984385],[129.701222,61.984373],[129.701409,61.984381],[129.702103,61.984718],[129.702494,61.98482],[129.702851,61.98482],[129.70355,61.985212],[129.703852,61.984923],[129.703872,61.984756],[129.703694,61.984388],[129.703308,61.984012],[129.702297,61.983488],[129.701725,61.983411],[129.701194,61.983223],[129.701151,61.983149],[129.701183,61.983069],[129.701508,61.982887],[129.701519,61.982222],[129.701465,61.981963],[129.70139,61.981844],[129.700413,61.9819],[129.699868,61.981837],[129.699469,61.98159],[129.698889,61.981091],[129.69879,61.980917],[129.698797,61.980865],[129.698907,61.980811],[129.700461,61.980457],[129.700011,61.98],[129.695394,61.98],[129.695095,61.980076],[129.695561,61.980804],[129.695969,61.981608],[129.696114,61.981774],[129.696613,61.982243],[129.699829,61.984924]]]}},{"type":"Feature","properties":{"block_id":"ykt-0010","area_m2":238544,"district":"район Пригородный №1","centroid":[129.692895,61.982485]},"geometry":{"type":"Polygon","coordinates":[[[129.699829,61.984924],[129.696613,61.982243],[129.696114,61.981774],[129.695969,61.981608],[129.695561,61.980804],[129.695046,61.98],[129.689494,61.98],[129.687414,61.980858],[129.686976,61.981088],[129.686896,61.98169],[129.686815,61.981841],[129.686638,61.982009],[129.68809,61.982709],[129.689754,61.983619],[129.692156,61.985036],[129.693773,61.984479],[129.694202,61.984411],[129.694708,61.984426],[129.695053,61.98449],[129.696932,61.985142],[129.697575,61.985242],[129.697905,61.98525],[129.699829,61.984924]]]}},{"type":"Feature","properties":{"block_id":"ykt-0011","area_m2":56531,"district":"район Пригородный №1-1","centroid":[129.703711,61.982908]},"geometry":{"type":"Polygon","coordinates":[[[129.703852,61.984923],[129.705263,61.984022],[129.70569,61.98357],[129.705984,61.983089],[129.705647,61.982731],[129.705464,61.982442],[129.705354,61.982133],[129.704837,61.981412],[129.703371,61.981669],[129.70139,61.981844],[129.701465,61.981963],[129.701519,61.982222],[129.701508,61.982887],[129.701183,61.983069],[129.701151,61.983149],[129.701194,61.983223],[129.701725,61.983411],[129.702297,61.983488],[129.703308,61.984012],[129.703694,61.984388],[129.703872,61.984756],[129.703852,61.984923]]]}},{"type":"Feature","properties":{"block_id":"ykt-0012","area_m2":1148,"district":"ДСК","centroid":[129.665453,61.985068]},"geometry":{"type":"Polygon","coordinates":[[[129.665887,61.984816],[129.665266,61.984999],[129.664822,61.985155],[129.665666,61.985242],[129.665887,61.984816]]]}},{"type":"Feature","properties":{"block_id":"ykt-0013","area_m2":13789,"district":"район Пригородный №1","centroid":[129.702026,61.985161]},"geometry":{"type":"Polygon","coordinates":[[[129.700667,61.984807],[129.700985,61.984909],[129.701105,61.9851],[129.701122,61.985317],[129.701279,61.985531],[129.702223,61.985993],[129.70355,61.985212],[129.702851,61.98482],[129.702494,61.98482],[129.702103,61.984718],[129.701409,61.984381],[129.701136,61.984385],[129.700866,61.984582],[129.700667,61.984807]]]}},{"type":"Feature","properties":{"block_id":"ykt-0014","area_m2":82418,"district":"микрорайон Ильинка","centroid":[129.641178,61.98575]},"geometry":{"type":"Polygon","coordinates":[[[129.643285,61.987771],[129.642565,61.986056],[129.641804,61.983866],[129.641413,61.982577],[129.641237,61.982371],[129.64074,61.982045],[129.64,61.98234],[129.64,61.988768],[129.641199,61.988503],[129.643285,61.987771]]]}},{"type":"Feature","properties":{"block_id":"ykt-0015","area_m2":7943,"district":"ДСК","centroid":[129.651427,61.986013]},"geometry":{"type":"Polygon","coordinates":[[[129.650358,61.985897],[129.651874,61.986866],[129.651716,61.98633],[129.651907,61.986194],[129.652548,61.985973],[129.652763,61.985846],[129.652767,61.985701],[129.652026,61.985736],[129.650118,61.985581],[129.650358,61.985897]]]}},{"type":"Feature","properties":{"block_id":"ykt-0016","area_m2":25265,"district":"ДСК","centroid":[129.666142,61.986055]},"geometry":{"type":"Polygon","coordinates":[[[129.6677,61.985151],[129.666688,61.9847],[129.666478,61.984679],[129.665887,61.984816],[129.665666,61.985242],[129.665591,61.985559],[129.664588,61.987418],[129.665522,61.987327],[129.666338,61.98716],[129.667017,61.98695],[129.666575,61.986825],[129.66651,61.986752],[129.667127,61.986014],[129.667114,61.985733],[129.667168,61.985638],[129.6677,61.985151]]]}},{"type":"Feature","properties":{"block_id":"ykt-0017","area_m2":15044,"district":"ДСК","centroid":[129.661495,61.986079]},"geometry":{"type":"Polygon","coordinates":[[[129.662854,61.98522],[129.661236,61.985299],[129.660178,61.986769],[129.661626,61.987005],[129.662854,61.98522]]]}},{"type":"Feature","properties":{"block_id":"ykt-0018","area_m2":15903,"district":"ДСК","centroid":[129.662962,61.986136]},"geometry":{"type":"Polygon","coordinates":[[[129.664515,61.985184],[129.662854,61.98522],[129.661626,61.987005],[129.662972,61.987188],[129.663796,61.985812],[129.664357,61.985372],[129.664515,61.985184]]]}},{"type":"Feature","properties":{"block_id":"ykt-0019","area_m2":20622,"district":"ДСК","centroid":[129.668175,61.986204]},"geometry":{"type":"Polygon","coordinates":[[[129.67033,61.986605],[129.669182,61.985841],[129.6677,61.985151],[129.667168,61.985638],[129.667114,61.985733],[129.667127,61.986014],[129.66651,61.986752],[129.666575,61.986825],[129.667017,61.98695],[129.668541,61.98675],[129.67033,61.986605]]]}},{"type":"Feature","properties":{"block_id":"ykt-0020","area_m2":19865,"district":"ДСК","centroid":[129.664384,61.986297]},"geometry":{"type":"Polygon","coordinates":[[[129.664822,61.985155],[129.664515,61.985184],[129.664357,61.985372],[129.663796,61.985812],[129.662972,61.987188],[129.664588,61.987418],[129.665591,61.985559],[129.665666,61.985242],[129.664822,61.985155]]]}},{"type":"Feature","properties":{"block_id":"ykt-0021","area_m2":90687,"district":"район Пригородный №1","centroid":[129.69661,61.986425]},"geometry":{"type":"Polygon","coordinates":[[[129.701133,61.987929],[129.700125,61.98742],[129.699358,61.987219],[129.699229,61.987135],[129.698564,61.986521],[129.698258,61.98611],[129.698029,61.985662],[129.697905,61.98525],[129.697291,61.985216],[129.696932,61.985142],[129.695407,61.984595],[129.694561,61.984414],[129.694202,61.984411],[129.693773,61.984479],[129.692156,61.985036],[129.698239,61.988678],[129.698967,61.988421],[129.699603,61.988379],[129.700451,61.988251],[129.701133,61.987929]]]}},{"type":"Feature","properties":{"block_id":"ykt-0022","area_m2":49901,"district":"микрорайон Ильинка","centroid":[129.648581,61.986692]},"geometry":{"type":"Polygon","coordinates":[[[129.645702,61.986745],[129.646119,61.987045],[129.647243,61.987671],[129.648719,61.988109],[129.649502,61.987599],[129.651381,61.986548],[129.650358,61.985897],[129.650118,61.985581],[129.64945,61.985509],[129.648232,61.985517],[129.648038,61.985561],[129.647033,61.986112],[129.645702,61.986745]]]}},{"type":"Feature","properties":{"block_id":"ykt-0023","area_m2":325429,"district":"район завод ДСК","centroid":[129.673452,61.987897]},"geometry":{"type":"Polygon","coordinates":[[[129.675701,61.984332],[129.673562,61.984927],[129.673042,61.985123],[129.672117,61.985955],[129.671831,61.986456],[129.671623,61.986642],[129.6714,61.986753],[129.671245,61.986799],[129.670963,61.986782],[129.67033,61.986605],[129.667352,61.986884],[129.666338,61.98716],[129.665522,61.987327],[129.665535,61.987465],[129.665572,61.987549],[129.666117,61.988046],[129.667139,61.98866],[129.66868,61.989215],[129.669244,61.989469],[129.66934,61.989847],[129.669216,61.990827],[129.668801,61.991229],[129.668728,61.991619],[129.669505,61.991797],[129.670722,61.991867],[129.670945,61.991854],[129.671283,61.991731],[129.672181,61.99092],[129.673503,61.990369],[129.673808,61.990147],[129.675008,61.989644],[129.676143,61.989345],[129.676827,61.989227],[129.680145,61.988061],[129.681403,61.987685],[129.680846,61.986986],[129.680507,61.98674],[129.675701,61.984332]]]}},{"type":"Feature","properties":{"block_id":"ykt-0024","area_m2":162128,"district":"район Пригородный №1","centroid":[129.704105,61.988545]},"geometry":{"type":"Polygon","coordinates":[[[129.700667,61.984807],[129.697905,61.98525],[129.698029,61.985662],[129.698258,61.98611],[129.698564,61.986521],[129.699358,61.987219],[129.700125,61.98742],[129.701133,61.987929],[129.703841,61.988991],[129.704744,61.98908],[129.705465,61.989302],[129.706122,61.989686],[129.706626,61.990114],[129.706728,61.990222],[129.706716,61.990295],[129.705427,61.990969],[129.708637,61.993936],[129.709095,61.993409],[129.709216,61.993194],[129.709244,61.992984],[129.709184,61.992674],[129.708321,61.990886],[129.708128,61.989599],[129.708028,61.989212],[129.707081,61.988396],[129.705879,61.987675],[129.701434,61.985625],[129.701182,61.985431],[129.701122,61.985317],[129.701105,61.9851],[129.700985,61.984909],[129.700667,61.984807]]]}},{"type":"Feature","properties":{"block_id":"ykt-0025","area_m2":39491,"district":"микрорайон Ильинка","centroid":[129.646047,61.989115]},"geometry":{"type":"Polygon","coordinates":[[[129.642938,61.990012],[129.643892,61.99061],[129.645194,61.990113],[129.645931,61.989917],[129.64695,61.989478],[129.64774,61.989101],[129.648351,61.98874],[129.648815,61.988423],[129.648945,61.988273],[129.648939,61.988216],[129.648719,61.988109],[129.647243,61.987671],[129.645148,61.98886],[129.642938,61.990012]]]}},{"type":"Feature","properties":{"block_id":"ykt-0026","area_m2":36646,"district":"район Пригородный №1","centroid":[129.70354,61.989342]},"geometry":{"type":"Polygon","coordinates":[[[129.705427,61.990969],[129.706641,61.99035],[129.706716,61.990295],[129.706728,61.990222],[129.706122,61.989686],[129.705465,61.989302],[129.704744,61.98908],[129.703841,61.988991],[129.701133,61.987929],[129.700451,61.988251],[129.699603,61.988379],[129.701067,61.989087],[129.70143,61.989218],[129.701779,61.989294],[129.702191,61.989311],[129.702792,61.989176],[129.703236,61.989306],[129.703716,61.989627],[129.705427,61.990969]]]}},{"type":"Feature","properties":{"block_id":"ykt-0027","area_m2":43319,"district":"ДСК","centroid":[129.66051,61.9896]},"geometry":{"type":"Polygon","coordinates":[[[129.658083,61.992055],[129.659159,61.992214],[129.659402,61.992182],[129.662972,61.987188],[129.661626,61.987005],[129.660549,61.988445],[129.659655,61.989803],[129.658107,61.991949],[129.658083,61.992055]]]}},{"type":"Feature","properties":{"block_id":"ykt-0028","area_m2":59812,"district":"район Пригородный №1","centroid":[129.702465,61.990197]},"geometry":{"type":"Polygon","coordinates":[[[129.70639,61.991867],[129.705427,61.990969],[129.703716,61.989627],[129.703236,61.989306],[129.703041,61.989226],[129.702686,61.989178],[129.702191,61.989311],[129.701779,61.989294],[129.70143,61.989218],[129.701067,61.989087],[129.699603,61.988379],[129.698967,61.988421],[129.698239,61.988678],[129.703418,61.991751],[129.704064,61.991611],[129.704645,61.991849],[129.704861,61.991885],[129.70555,61.991633],[129.706085,61.991845],[129.70639,61.991867]]]}},{"type":"Feature","properties":{"block_id":"ykt-0029","area_m2":106342,"district":"ДСК","centroid":[129.666121,61.990711]},"geometry":{"type":"Polygon","coordinates":[[[129.666117,61.988046],[129.66559,61.988521],[129.664193,61.990479],[129.662576,61.992302],[129.662463,61.992474],[129.662418,61.992666],[129.662623,61.993132],[129.66331,61.992902],[129.665183,61.992594],[129.666176,61.992252],[129.666932,61.992075],[129.668196,61.991579],[129.668355,61.991561],[129.668728,61.991619],[129.668801,61.991229],[129.669216,61.990827],[129.66934,61.989847],[129.669244,61.989469],[129.66868,61.989215],[129.667139,61.98866],[129.666117,61.988046]]]}},{"type":"Feature","properties":{"block_id":"ykt-0030","area_m2":10526,"district":"ДСК","centroid":[129.654119,61.992319]},"geometry":{"type":"Polygon","coordinates":[[[129.655394,61.992676],[129.655044,61.991894],[129.652988,61.99191],[129.65301,61.992494],[129.653076,61.992723],[129.654871,61.992722],[129.655394,61.992676]]]}},{"type":"Feature","properties":{"block_id":"ykt-0031","area_m2":30067,"district":"район Оптовики","centroid":[129.706318,61.992834]},"geometry":{"type":"Polygon","coordinates":[[[129.708001,61.994455],[129.708637,61.993936],[129.70639,61.991867],[129.706085,61.991845],[129.70555,61.991633],[129.704861,61.991885],[129.704645,61.991849],[129.704064,61.991611],[129.703418,61.991751],[129.708001,61.994455]]]}},{"type":"Feature","properties":{"block_id":"ykt-0032","area_m2":2063,"district":"ДСК","centroid":[129.653798,61.99285]},"geometry":{"type":"Polygon","coordinates":[[[129.653076,61.992723],[129.653362,61.993083],[129.654024,61.992966],[129.654871,61.992722],[129.653076,61.992723]]]}},{"type":"Feature","properties":{"block_id":"ykt-0033","area_m2":19078,"district":"ДСК","centroid":[129.654014,61.9934]},"geometry":{"type":"Polygon","coordinates":[[[129.656255,61.993335],[129.655394,61.992676],[129.654871,61.992722],[129.654024,61.992966],[129.65182,61.993407],[129.65251,61.994154],[129.656002,61.993432],[129.656255,61.993335]]]}},{"type":"Feature","properties":{"block_id":"ykt-0034","area_m2":12227,"district":null,"centroid":[129.655612,61.993961]},"geometry":{"type":"Polygon","coordinates":[[[129.657087,61.993886],[129.656255,61.993335],[129.656002,61.993432],[129.654078,61.993836],[129.654758,61.994572],[129.656918,61.994136],[129.657077,61.994041],[129.657087,61.993886]]]}},{"type":"Feature","properties":{"block_id":"ykt-0035","area_m2":7997,"district":null,"centroid":[129.653636,61.994364]},"geometry":{"type":"Polygon","coordinates":[[[129.653204,61.994896],[129.653517,61.994831],[129.654758,61.994572],[129.654078,61.993836],[129.65251,61.994154],[129.653204,61.994896]]]}},{"type":"Feature","properties":{"block_id":"ykt-0036","area_m2":14261,"district":null,"centroid":[129.656482,61.994657]},"geometry":{"type":"Polygon","coordinates":[[[129.658156,61.994813],[129.65803,61.994575],[129.657684,61.994223],[129.657467,61.994058],[129.657087,61.993886],[129.657077,61.994041],[129.656918,61.994136],[129.654758,61.994572],[129.655441,61.995314],[129.657761,61.994844],[129.658156,61.994813]]]}},{"type":"Feature","properties":{"block_id":"ykt-0037","area_m2":8061,"district":null,"centroid":[129.654314,61.995107]},"geometry":{"type":"Polygon","coordinates":[[[129.65384,61.995639],[129.655441,61.995314],[129.654758,61.994572],[129.653204,61.994896],[129.65384,61.995639]]]}},{"type":"Feature","properties":{"block_id":"ykt-0038","area_m2":4012,"district":null,"centroid":[129.640511,61.996528]},"geometry":{"type":"Polygon","coordinates":[[[129.641418,61.996694],[129.64,61.995958],[129.64,61.996666],[129.640422,61.996939],[129.641418,61.996694]]]}},{"type":"Feature","properties":{"block_id":"ykt-0039","area_m2":41321,"district":null,"centroid":[129.644706,61.997035]},"geometry":{"type":"Polygon","coordinates":[[[129.642009,61.997127],[129.642191,61.99747],[129.642572,61.997915],[129.642712,61.998007],[129.643123,61.997965],[129.643624,61.997809],[129.644214,61.997761],[129.646034,61.997942],[129.646864,61.998072],[129.646684,61.99794],[129.646602,61.997117],[129.64642,61.996501],[129.646898,61.996122],[129.646139,61.995845],[129.645806,61.995769],[129.64534,61.995945],[129.64393,61.996339],[129.642332,61.996947],[129.642009,61.997127]]]}},{"type":"Feature","properties":{"block_id":"ykt-0040","area_m2":18241,"district":null,"centroid":[129.641109,61.997596]},"geometry":{"type":"Polygon","coordinates":[[[129.642712,61.998007],[129.642572,61.997915],[129.642191,61.99747],[129.642009,61.997127],[129.641418,61.996694],[129.640422,61.996939],[129.64,61.996974],[129.64,61.99838],[129.641975,61.99818],[129.642712,61.998007]]]}},{"type":"Feature","properties":{"block_id":"ykt-0041","area_m2":28612,"district":null,"centroid":[129.646517,61.998552]},"geometry":{"type":"Polygon","coordinates":[[[129.648363,61.999442],[129.649801,61.999694],[129.64887,61.998685],[129.64831,61.998472],[129.646864,61.998072],[129.646034,61.997942],[129.644214,61.997761],[129.643624,61.997809],[129.643123,61.997965],[129.642712,61.998007],[129.644047,61.998447],[129.646264,61.998798],[129.648363,61.999442]]]}},{"type":"Feature","properties":{"block_id":"ykt-0042","area_m2":203383,"district":"район Оптовики","centroid":[129.686844,61.998811]},"geometry":{"type":"Polygon","coordinates":[[[129.691192,62.001494],[129.69025,61.999327],[129.6896,61.998414],[129.68644,61.994309],[129.686163,61.994405],[129.685367,61.995397],[129.683205,61.9984],[129.68295,61.998796],[129.682561,61.99977],[129.682879,61.999825],[129.683188,62.000018],[129.684525,61.999866],[129.684726,61.999907],[129.684747,62.000039],[129.685407,62.001556],[129.685611,62.001892],[129.685692,62.00192],[129.689496,62.001572],[129.690344,62.00161],[129.691192,62.001494]]]}},{"type":"Feature","properties":{"block_id":"ykt-0043","area_m2":68148,"district":null,"centroid":[129.643055,61.999246]},"geometry":{"type":"Polygon","coordinates":[[[129.648363,61.999442],[129.646264,61.998798],[129.644047,61.998447],[129.642712,61.998007],[129.641975,61.99818],[129.64,61.99838],[129.64,61.999913],[129.640452,62.000146],[129.641069,62.000735],[129.642382,62.000246],[129.644079,61.999829],[129.644401,61.999805],[129.645269,61.999866],[129.64773,61.999479],[129.648363,61.999442]]]}},{"type":"Feature","properties":{"block_id":"ykt-0044","area_m2":973,"district":"район Оптовики","centroid":[129.712885,61.999385]},"geometry":{"type":"Polygon","coordinates":[[[129.71317,61.999289],[129.712979,61.999228],[129.712706,61.999244],[129.712567,61.999324],[129.712541,61.999402],[129.712598,61.999479],[129.712731,61.999534],[129.712992,61.999545],[129.713229,61.999428],[129.713234,61.999355],[129.71317,61.999289]]]}},{"type":"Feature","properties":{"block_id":"ykt-0045","area_m2":10549,"district":null,"centroid":[129.658221,61.999638]},"geometry":{"type":"Polygon","coordinates":[[[129.660396,61.999745],[129.658425,61.999294],[129.657177,61.999172],[129.656812,61.999644],[129.656783,61.999768],[129.65679,61.999882],[129.658467,62.000067],[129.658645,61.999853],[129.660003,61.999869],[129.660396,61.999745]]]}},{"type":"Feature","properties":{"block_id":"ykt-0046","area_m2":1002,"district":"район Оптовики","centroid":[129.713295,61.99968]},"geometry":{"type":"Polygon","coordinates":[[[129.713754,62.000054],[129.713234,61.999355],[129.713229,61.999428],[129.713143,61.999501],[129.712815,61.999549],[129.713754,62.000054]]]}},{"type":"Feature","properties":{"block_id":"ykt-0047","area_m2":2909,"district":"район Оптовики","centroid":[129.682779,62.000203]},"geometry":{"type":"Polygon","coordinates":[[[129.682312,62.000568],[129.683276,62.000455],[129.683119,62.000103],[129.683188,62.000018],[129.682879,61.999825],[129.682561,61.99977],[129.682312,62.000568]]]}},{"type":"Feature","properties":{"block_id":"ykt-0048","area_m2":12869,"district":null,"centroid":[129.660841,62.00022]},"geometry":{"type":"Polygon","coordinates":[[[129.66257,62.00019],[129.660396,61.999745],[129.660003,61.999869],[129.658645,61.999853],[129.658467,62.000067],[129.659469,62.000243],[129.660535,62.000504],[129.661369,62.000583],[129.662607,62.000842],[129.66257,62.00019]]]}},{"type":"Feature","properties":{"block_id":"ykt-0049","area_m2":3725,"district":null,"centroid":[129.640415,62.000516]},"geometry":{"type":"Polygon","coordinates":[[[129.641069,62.000735],[129.640452,62.000146],[129.64,61.999913],[129.64,62.000854],[129.641116,62.000872],[129.641069,62.000735]]]}},{"type":"Feature","properties":{"block_id":"ykt-0050","area_m2":184625,"district":null,"centroid":[129.647487,62.001277]},"geometry":{"type":"Polygon","coordinates":[[[129.655276,62.002],[129.654084,62.001565],[129.651876,62.000453],[129.650767,61.999986],[129.649801,61.999694],[129.648363,61.999442],[129.64773,61.999479],[129.645269,61.999866],[129.644401,61.999805],[129.644079,61.999829],[129.642382,62.000246],[129.641069,62.000735],[129.641116,62.000872],[129.641481,62.001214],[129.641864,62.001703],[129.642339,62.002103],[129.64362,62.002876],[129.644217,62.002877],[129.645109,62.002972],[129.645742,62.002965],[129.646203,62.003027],[129.646791,62.003005],[129.647006,62.002917],[129.647341,62.002675],[129.648862,62.002085],[129.649593,62.002139],[129.649767,62.002212],[129.650495,62.002765],[129.651805,62.002545],[129.65304,62.002596],[129.653353,62.002389],[129.653724,62.002245],[129.654579,62.002074],[129.655276,62.002]]]}},{"type":"Feature","properties":{"block_id":"ykt-0051","area_m2":23282,"district":null,"centroid":[129.641204,62.001973]},"geometry":{"type":"Polygon","coordinates":[[[129.64,62.002628],[129.642605,62.002836],[129.643515,62.002845],[129.642339,62.002103],[129.641864,62.001703],[129.641481,62.001214],[129.641116,62.000872],[129.640497,62.000833],[129.64,62.000854],[129.64,62.002628]]]}},{"type":"Feature","properties":{"block_id":"ykt-0052","area_m2":9180,"district":null,"centroid":[129.649072,62.002569]},"geometry":{"type":"Polygon","coordinates":[[[129.64781,62.002495],[129.648133,62.002763],[129.648335,62.003042],[129.648406,62.003077],[129.649859,62.002828],[129.650495,62.002765],[129.649767,62.002212],[129.649593,62.002139],[129.648862,62.002085],[129.64781,62.002495]]]}},{"type":"Feature","properties":{"block_id":"ykt-0053","area_m2":1137,"district":"район Оптовики","centroid":[129.6979,62.002766]},"geometry":{"type":"Polygon","coordinates":[[[129.697451,62.002721],[129.697491,62.002826],[129.697623,62.002894],[129.698142,62.002894],[129.698362,62.002805],[129.698303,62.002698],[129.69817,62.002635],[129.697589,62.002647],[129.697451,62.002721]]]}},{"type":"Feature","properties":{"block_id":"ykt-0054","area_m2":175130,"district":null,"centroid":[129.661898,62.003358]},"geometry":{"type":"Polygon","coordinates":[[[129.656394,62.001826],[129.656161,62.002119],[129.655647,62.002531],[129.656836,62.003036],[129.657103,62.003221],[129.658581,62.004009],[129.659107,62.00419],[129.660304,62.004452],[129.662103,62.00526],[129.662707,62.005278],[129.663221,62.005213],[129.664574,62.00538],[129.666228,62.005379],[129.668604,62.004247],[129.66489,62.002684],[129.663696,62.002273],[129.662461,62.001933],[129.65973,62.001291],[129.658869,62.00117],[129.657913,62.001188],[129.65702,62.0014],[129.65679,62.001519],[129.656394,62.001826]]]}},{"type":"Feature","properties":{"block_id":"ykt-0055","area_m2":55018,"district":null,"centroid":[129.648317,62.003457]},"geometry":{"type":"Polygon","coordinates":[[[129.651805,62.002545],[129.649859,62.002828],[129.648406,62.003077],[129.648335,62.003042],[129.648133,62.002763],[129.64781,62.002495],[129.647341,62.002675],[129.647006,62.002917],[129.646614,62.003028],[129.64362,62.002876],[129.643982,62.003172],[129.645252,62.003584],[129.645746,62.003864],[129.646276,62.004194],[129.646734,62.004698],[129.648313,62.004459],[129.649379,62.004163],[129.650387,62.003766],[129.652021,62.003271],[129.65304,62.002596],[129.651805,62.002545]]]}},{"type":"Feature","properties":{"block_id":"ykt-0056","area_m2":72316,"district":null,"centroid":[129.64264,62.004032]},"geometry":{"type":"Polygon","coordinates":[[[129.64362,62.002876],[129.642605,62.002836],[129.64,62.002628],[129.64,62.005269],[129.641251,62.005305],[129.64415,62.00488],[129.644826,62.004835],[129.645934,62.004848],[129.646734,62.004698],[129.646276,62.004194],[129.645746,62.003864],[129.645252,62.003584],[129.643982,62.003172],[129.64362,62.002876]]]}},{"type":"Feature","properties":{"block_id":"ykt-0057","area_m2":179471,"district":null,"centroid":[129.714296,62.004422]},"geometry":{"type":"Polygon","coordinates":[[[129.718747,62.007234],[129.716847,62.004558],[129.715843,62.002888],[129.714475,62.000872],[129.713754,62.000054],[129.713314,61.999801],[129.713092,61.999987],[129.713117,62.000411],[129.713041,62.000751],[129.712651,62.001192],[129.712548,62.001376],[129.712421,62.001824],[129.71196,62.00241],[129.710683,62.004678],[129.711669,62.004846],[129.711836,62.004893],[129.711872,62.004965],[129.711925,62.005414],[129.711781,62.005828],[129.711529,62.006911],[129.712839,62.006937],[129.712837,62.006999],[129.716274,62.007202],[129.717412,62.00725],[129.718747,62.007234]]]}},{"type":"Feature","properties":{"block_id":"ykt-0058","area_m2":85074,"district":"Гимеин","centroid":[129.671707,62.004725]},"geometry":{"type":"Polygon","coordinates":[[[129.66677,62.00347],[129.675327,62.007192],[129.676775,62.006511],[129.675275,62.005884],[129.675014,62.005696],[129.674135,62.005222],[129.673717,62.004904],[129.673279,62.004419],[129.672042,62.00364],[129.671184,62.003226],[129.669301,62.002597],[129.668747,62.002968],[129.668543,62.003039],[129.667194,62.003155],[129.66677,62.00347]]]}},{"type":"Feature","properties":{"block_id":"ykt-0059","area_m2":2549,"district":null,"centroid":[129.646021,62.005041]},"geometry":{"type":"Polygon","coordinates":[[[129.645487,62.005263],[129.64628,62.005282],[129.64644,62.005162],[129.646603,62.004942],[129.646445,62.004771],[129.645934,62.004848],[129.645533,62.004849],[129.645487,62.005263]]]}},{"type":"Feature","properties":{"block_id":"ykt-0060","area_m2":5641,"district":null,"centroid":[129.644185,62.005089]},"geometry":{"type":"Polygon","coordinates":[[[129.641827,62.005238],[129.645487,62.005263],[129.645533,62.004849],[129.64415,62.00488],[129.641827,62.005238]]]}},{"type":"Feature","properties":{"block_id":"ykt-0061","area_m2":927,"district":null,"centroid":[129.646748,62.005118]},"geometry":{"type":"Polygon","coordinates":[[[129.64628,62.005282],[129.64688,62.005225],[129.647261,62.005077],[129.646603,62.004942],[129.64644,62.005162],[129.64628,62.005282]]]}},{"type":"Feature","properties":{"block_id":"ykt-0062","area_m2":1787,"district":null,"centroid":[129.640346,62.005484]},"geometry":{"type":"Polygon","coordinates":[[[129.64,62.006084],[129.64016,62.005709],[129.641115,62.005311],[129.64,62.005269],[129.64,62.006084]]]}},{"type":"Feature","properties":{"block_id":"ykt-0063","area_m2":15804,"district":"Гимеин","centroid":[129.676683,62.005705]},"geometry":{"type":"Polygon","coordinates":[[[129.676909,62.004901],[129.676134,62.005271],[129.675699,62.005369],[129.675014,62.005696],[129.675275,62.005884],[129.676775,62.006511],[129.677899,62.005961],[129.677893,62.005706],[129.677961,62.005356],[129.676909,62.004901]]]}},{"type":"Feature","properties":{"block_id":"ykt-0064","area_m2":21928,"district":"район Радиоцентр","centroid":[129.710838,62.00592]},"geometry":{"type":"Polygon","coordinates":[[[129.710683,62.004678],[129.709672,62.00633],[129.709404,62.006878],[129.711529,62.006911],[129.711781,62.005828],[129.711925,62.005414],[129.711872,62.004965],[129.711836,62.004893],[129.711669,62.004846],[129.710683,62.004678]]]}},{"type":"Feature","properties":{"block_id":"ykt-0065","area_m2":13344,"district":"квартал Наука","centroid":[129.653692,62.007317]},"geometry":{"type":"Polygon","coordinates":[[[129.655601,62.007249],[129.655187,62.007126],[129.654609,62.007085],[129.654254,62.007006],[129.653102,62.006615],[129.652542,62.007136],[129.65209,62.00768],[129.652692,62.007682],[129.653752,62.007824],[129.654155,62.007819],[129.655162,62.007469],[129.655601,62.007249]]]}},{"type":"Feature","properties":{"block_id":"ykt-0066","area_m2":25243,"district":"район Радиоцентр","centroid":[129.710974,62.007504]},"geometry":{"type":"Polygon","coordinates":[[[129.712839,62.006937],[129.709404,62.006878],[129.708827,62.008021],[129.712811,62.008121],[129.712839,62.006937]]]}},{"type":"Feature","properties":{"block_id":"ykt-0067","area_m2":1319,"district":null,"centroid":[129.640131,62.007979]},"geometry":{"type":"Polygon","coordinates":[[[129.64,62.008682],[129.640033,62.008463],[129.64032,62.008134],[129.640355,62.007906],[129.64,62.007409],[129.64,62.008682]]]}},{"type":"Feature","properties":{"block_id":"ykt-0068","area_m2":18458,"district":"квартал Наука","centroid":[129.644687,62.008007]},"geometry":{"type":"Polygon","coordinates":[[[129.643005,62.008814],[129.643677,62.008978],[129.644216,62.008993],[129.644487,62.00894],[129.644853,62.008706],[129.645335,62.008265],[129.645694,62.008005],[129.645953,62.007617],[129.646112,62.007477],[129.646147,62.007349],[129.645978,62.007213],[129.645385,62.00704],[129.64502,62.006841],[129.644993,62.006938],[129.644871,62.00706],[129.644297,62.007381],[129.643926,62.00806],[129.643715,62.008263],[129.64314,62.008644],[129.643005,62.008814]]]}},{"type":"Feature","properties":{"block_id":"ykt-0069","area_m2":35897,"district":"район Радиоцентр","centroid":[129.71049,62.008774]},"geometry":{"type":"Polygon","coordinates":[[[129.707672,62.009361],[129.712698,62.009489],[129.712811,62.008121],[129.708827,62.008021],[129.707672,62.009361]]]}},{"type":"Feature","properties":{"block_id":"ykt-0070","area_m2":2298,"district":"Гимеин","centroid":[129.678054,62.008833]},"geometry":{"type":"Polygon","coordinates":[[[129.677527,62.009059],[129.677841,62.009117],[129.678036,62.009077],[129.678606,62.008784],[129.678649,62.008635],[129.678511,62.008564],[129.678354,62.00855],[129.678049,62.008611],[129.677498,62.008873],[129.677437,62.008947],[129.677527,62.009059]]]}},{"type":"Feature","properties":{"block_id":"ykt-0071","area_m2":146583,"district":"район Радиоцентр","centroid":[129.716347,62.009026]},"geometry":{"type":"Polygon","coordinates":[[[129.712575,62.010563],[129.721098,62.010809],[129.718747,62.007234],[129.717412,62.00725],[129.712837,62.006999],[129.712811,62.008121],[129.712575,62.010563]]]}},{"type":"Feature","properties":{"block_id":"ykt-0072","area_m2":32938,"district":"район Радиоцентр","centroid":[129.70999,62.009962]},"geometry":{"type":"Polygon","coordinates":[[[129.706983,62.010356],[129.708146,62.010436],[129.712575,62.010563],[129.712698,62.009489],[129.707672,62.009361],[129.706983,62.010356]]]}},{"type":"Feature","properties":{"block_id":"ykt-0073","area_m2":19008,"district":"район Радиоцентр","centroid":[129.709803,62.010767]},"geometry":{"type":"Polygon","coordinates":[[[129.712575,62.010563],[129.708146,62.010436],[129.706983,62.010356],[129.706706,62.010665],[129.707542,62.010965],[129.712517,62.011186],[129.712575,62.010563]]]}},{"type":"Feature","properties":{"block_id":"ykt-0074","area_m2":40468,"district":"район Радиоцентр","centroid":[129.715481,62.011243]},"geometry":{"type":"Polygon","coordinates":[[[129.718248,62.011924],[129.718628,62.010762],[129.712575,62.010563],[129.712483,62.011741],[129.718248,62.011924]]]}},{"type":"Feature","properties":{"block_id":"ykt-0075","area_m2":20390,"district":"район Радиоцентр","centroid":[129.709346,62.011307]},"geometry":{"type":"Polygon","coordinates":[[[129.706233,62.011448],[129.712483,62.011741],[129.712517,62.011186],[129.707542,62.010965],[129.706706,62.010665],[129.706346,62.011166],[129.706233,62.011448]]]}},{"type":"Feature","properties":{"block_id":"ykt-0076","area_m2":122974,"district":"Гимеин","centroid":[129.680071,62.011364]},"geometry":{"type":"Polygon","coordinates":[[[129.678055,62.013581],[129.683264,62.013032],[129.683016,62.012329],[129.682962,62.011792],[129.683021,62.011142],[129.683263,62.010476],[129.68197,62.010068],[129.67913,62.008832],[129.678606,62.008784],[129.678036,62.009077],[129.678002,62.009439],[129.677535,62.009935],[129.677415,62.010171],[129.677266,62.01095],[129.677674,62.012076],[129.677593,62.012449],[129.677605,62.01275],[129.678055,62.013581]]]}},{"type":"Feature","properties":{"block_id":"ykt-0077","area_m2":45520,"district":"район Радиоцентр","centroid":[129.709304,62.0122]},"geometry":{"type":"Polygon","coordinates":[[[129.705673,62.012486],[129.712434,62.013061],[129.712483,62.011741],[129.706233,62.011448],[129.705813,62.012136],[129.705673,62.012486]]]}},{"type":"Feature","properties":{"block_id":"ykt-0078","area_m2":39426,"district":"район Радиоцентр","centroid":[129.715363,62.012479]},"geometry":{"type":"Polygon","coordinates":[[[129.717764,62.013519],[129.718248,62.011924],[129.712483,62.011741],[129.712434,62.013061],[129.71391,62.013209],[129.714292,62.012612],[129.714374,62.012566],[129.714554,62.012543],[129.716083,62.012654],[129.716196,62.012736],[129.716078,62.013381],[129.717764,62.013519]]]}},{"type":"Feature","properties":{"block_id":"ykt-0079","area_m2":8352,"district":"район Радиоцентр","centroid":[129.715136,62.012959]},"geometry":{"type":"Polygon","coordinates":[[[129.71391,62.013209],[129.716078,62.013381],[129.716196,62.012736],[129.716083,62.012654],[129.714477,62.012545],[129.714292,62.012612],[129.71391,62.013209]]]}},{"type":"Feature","properties":{"block_id":"ykt-0080","area_m2":429551,"district":"Гимеин","centroid":[129.669604,62.012991]},"geometry":{"type":"Polygon","coordinates":[[[129.669173,62.011961],[129.668968,62.012187],[129.668763,62.012303],[129.668311,62.012397],[129.667896,62.012342],[129.665461,62.011805],[129.665213,62.011786],[129.662986,62.011934],[129.662644,62.011927],[129.662202,62.011844],[129.661444,62.01206],[129.660159,62.012218],[129.660002,62.012295],[129.659701,62.01263],[129.659602,62.012819],[129.659304,62.013094],[129.659342,62.013181],[129.659603,62.013359],[129.660862,62.014068],[129.662077,62.014877],[129.662758,62.015259],[129.663363,62.015333],[129.663692,62.015465],[129.664018,62.015478],[129.667406,62.016465],[129.668367,62.016102],[129.669037,62.015962],[129.669816,62.016078],[129.670383,62.016295],[129.672385,62.01638],[129.673113,62.01631],[129.672978,62.01616],[129.672885,62.015775],[129.67328,62.013219],[129.676208,62.013449],[129.677964,62.013417],[129.677605,62.01275],[129.677593,62.012449],[129.677674,62.012076],[129.677266,62.01095],[129.677415,62.010171],[129.677535,62.009935],[129.678039,62.009362],[129.677979,62.009247],[129.677772,62.009112],[129.67681,62.009309],[129.676445,62.009332],[129.672338,62.009182],[129.671904,62.009644],[129.669613,62.011262],[129.669173,62.011961]]]}},{"type":"Feature","properties":{"block_id":"ykt-0081","area_m2":49368,"district":"район Радиоцентр","centroid":[129.709016,62.013397]},"geometry":{"type":"Polygon","coordinates":[[[129.705465,62.013624],[129.712203,62.014386],[129.712434,62.013061],[129.705673,62.012486],[129.705542,62.012906],[129.705465,62.013624]]]}},{"type":"Feature","properties":{"block_id":"ykt-0082","area_m2":117355,"district":"район Радиоцентр","centroid":[129.720502,62.013398]},"geometry":{"type":"Polygon","coordinates":[[[129.717287,62.014964],[129.721095,62.015384],[129.724323,62.01562],[129.722988,62.013697],[129.721098,62.010809],[129.718628,62.010762],[129.717764,62.013519],[129.719859,62.01367],[129.719992,62.013727],[129.720034,62.013802],[129.719855,62.01423],[129.719065,62.014166],[129.718999,62.014116],[129.71902,62.013979],[129.717639,62.013867],[129.717287,62.014964]]]}},{"type":"Feature","properties":{"block_id":"ykt-0083","area_m2":5810,"district":"район Радиоцентр","centroid":[129.718948,62.013834]},"geometry":{"type":"Polygon","coordinates":[[[129.717764,62.013519],[129.717639,62.013867],[129.71902,62.013979],[129.718999,62.014116],[129.719065,62.014166],[129.719855,62.01423],[129.720034,62.013802],[129.719992,62.013727],[129.719859,62.01367],[129.717764,62.013519]]]}},{"type":"Feature","properties":{"block_id":"ykt-0084","area_m2":43002,"district":"район Радиоцентр","centroid":[129.714968,62.013982]},"geometry":{"type":"Polygon","coordinates":[[[129.712203,62.014386],[129.717287,62.014964],[129.717764,62.013519],[129.712434,62.013061],[129.712203,62.014386]]]}},{"type":"Feature","properties":{"block_id":"ykt-0085","area_m2":18236,"district":"квартал Наука","centroid":[129.659085,62.014085]},"geometry":{"type":"Polygon","coordinates":[[[129.659304,62.013094],[129.658717,62.013511],[129.657436,62.014114],[129.658018,62.01469],[129.658326,62.014919],[129.660261,62.014403],[129.660862,62.014068],[129.659603,62.013359],[129.659342,62.013181],[129.659304,62.013094]]]}},{"type":"Feature","properties":{"block_id":"ykt-0086","area_m2":14563,"district":"квартал Наука","centroid":[129.640475,62.014123]},"geometry":{"type":"Polygon","coordinates":[[[129.64093,62.01543],[129.641035,62.015279],[129.640927,62.014938],[129.640818,62.014162],[129.641019,62.01359],[129.641265,62.013128],[129.640853,62.01302],[129.64,62.01267],[129.64,62.01549],[129.64093,62.01543]]]}},{"type":"Feature","properties":{"block_id":"ykt-0087","area_m2":26339,"district":"район Радиоцентр","centroid":[129.70735,62.014436]},"geometry":{"type":"Polygon","coordinates":[[[129.709277,62.014061],[129.705465,62.013624],[129.705393,62.013858],[129.705452,62.014347],[129.705677,62.014864],[129.709176,62.015252],[129.709277,62.014061]]]}},{"type":"Feature","properties":{"block_id":"ykt-0088","area_m2":85517,"district":"Гимеин","centroid":[129.681399,62.0146]},"geometry":{"type":"Polygon","coordinates":[[[129.679891,62.016457],[129.681217,62.016097],[129.685182,62.015083],[129.68417,62.014214],[129.683618,62.013596],[129.683264,62.013032],[129.678055,62.013581],[129.678647,62.01473],[129.679067,62.015405],[129.679891,62.016457]]]}},{"type":"Feature","properties":{"block_id":"ykt-0089","area_m2":22994,"district":"квартал Наука","centroid":[129.652237,62.014696]},"geometry":{"type":"Polygon","coordinates":[[[129.655048,62.013728],[129.654645,62.013665],[129.654249,62.013671],[129.651504,62.014196],[129.651118,62.014462],[129.650889,62.014818],[129.650758,62.015196],[129.650592,62.015481],[129.650094,62.015906],[129.650101,62.016058],[129.650548,62.016024],[129.651247,62.015764],[129.65133,62.015662],[129.651773,62.015417],[129.65306,62.014831],[129.654017,62.014212],[129.655048,62.013728]]]}},{"type":"Feature","properties":{"block_id":"ykt-0090","area_m2":19895,"district":"район Радиоцентр","centroid":[129.710659,62.014807]},"geometry":{"type":"Polygon","coordinates":[[[129.712203,62.014386],[129.709277,62.014061],[129.709176,62.015252],[129.711995,62.015544],[129.712203,62.014386]]]}},{"type":"Feature","properties":{"block_id":"ykt-0091","area_m2":28486,"district":"квартал Наука","centroid":[129.654292,62.014829]},"geometry":{"type":"Polygon","coordinates":[[[129.656983,62.014351],[129.656103,62.014108],[129.655375,62.013801],[129.655048,62.013728],[129.654017,62.014212],[129.65306,62.014831],[129.651773,62.015417],[129.65133,62.015662],[129.651247,62.015764],[129.653151,62.015715],[129.654103,62.015533],[129.655376,62.015101],[129.656302,62.014704],[129.656983,62.014351]]]}},{"type":"Feature","properties":{"block_id":"ykt-0092","area_m2":114668,"district":"Гимеин","centroid":[129.676072,62.015176]},"geometry":{"type":"Polygon","coordinates":[[[129.679891,62.016457],[129.679067,62.015405],[129.678647,62.01473],[129.677964,62.013417],[129.676208,62.013449],[129.67328,62.013219],[129.672885,62.015775],[129.672978,62.01616],[129.673113,62.01631],[129.676424,62.016879],[129.677106,62.017107],[129.677533,62.01715],[129.677827,62.017137],[129.67817,62.016938],[129.679891,62.016457]]]}},{"type":"Feature","properties":{"block_id":"ykt-0093","area_m2":34573,"district":"район Радиоцентр","centroid":[129.714614,62.015249]},"geometry":{"type":"Polygon","coordinates":[[[129.717287,62.014964],[129.712203,62.014386],[129.711995,62.015544],[129.716966,62.016111],[129.717287,62.014964]]]}},{"type":"Feature","properties":{"block_id":"ykt-0094","area_m2":35970,"district":"квартал Наука","centroid":[129.655839,62.015429]},"geometry":{"type":"Polygon","coordinates":[[[129.657436,62.014114],[129.656302,62.014704],[129.655376,62.015101],[129.654103,62.015533],[129.653151,62.015715],[129.651247,62.015764],[129.650548,62.016024],[129.651862,62.016129],[129.656783,62.01591],[129.658671,62.015894],[129.658457,62.015057],[129.657436,62.014114]]]}},{"type":"Feature","properties":{"block_id":"ykt-0095","area_m2":26418,"district":"район Радиоцентр","centroid":[129.719034,62.015754]},"geometry":{"type":"Polygon","coordinates":[[[129.721095,62.015384],[129.717287,62.014964],[129.716966,62.016111],[129.720761,62.016553],[129.721095,62.015384]]]}},{"type":"Feature","properties":{"block_id":"ykt-0096","area_m2":28914,"district":"район Радиоцентр","centroid":[129.707584,62.015855]},"geometry":{"type":"Polygon","coordinates":[[[129.706788,62.016712],[129.709003,62.016872],[129.709176,62.015252],[129.705677,62.014864],[129.70589,62.015483],[129.706788,62.016712]]]}},{"type":"Feature","properties":{"block_id":"ykt-0097","area_m2":149324,"district":"квартал Наука","centroid":[129.647058,62.015933]},"geometry":{"type":"Polygon","coordinates":[[[129.64552,62.017936],[129.645818,62.017848],[129.647851,62.017541],[129.649388,62.017201],[129.652913,62.016882],[129.651611,62.016694],[129.649736,62.016655],[129.649606,62.016626],[129.649548,62.016553],[129.64953,62.016453],[129.649594,62.016322],[129.650101,62.016058],[129.650094,62.015906],[129.650592,62.015481],[129.650758,62.015196],[129.650889,62.014818],[129.651118,62.014462],[129.651504,62.014196],[129.651178,62.013966],[129.651022,62.013777],[129.65099,62.013586],[129.651138,62.013418],[129.651371,62.013278],[129.65129,62.013206],[129.650968,62.013167],[129.650329,62.013163],[129.650113,62.013224],[129.649149,62.013692],[129.648999,62.013989],[129.648417,62.014523],[129.647743,62.014614],[129.647567,62.014721],[129.647382,62.015033],[129.647247,62.015066],[129.645823,62.014887],[129.645396,62.014985],[129.644937,62.014899],[129.644846,62.014808],[129.644727,62.014252],[129.644503,62.013951],[129.644438,62.013456],[129.644142,62.013375],[129.643072,62.013336],[129.643221,62.013836],[129.643328,62.014898],[129.643625,62.015772],[129.643917,62.016201],[129.643965,62.016397],[129.644307,62.016755],[129.644463,62.017098],[129.644479,62.017308],[129.643732,62.018743],[129.643685,62.018887],[129.643701,62.019211],[129.643509,62.019498],[129.644815,62.019365],[129.645185,62.018692],[129.64552,62.017936]]]}},{"type":"Feature","properties":{"block_id":"ykt-0098","area_m2":27072,"district":null,"centroid":[129.72293,62.016144]},"geometry":{"type":"Polygon","coordinates":[[[129.721095,62.015384],[129.720761,62.016553],[129.725755,62.016856],[129.724885,62.016279],[129.724591,62.015988],[129.724323,62.01562],[129.721095,62.015384]]]}},{"type":"Feature","properties":{"block_id":"ykt-0099","area_m2":26327,"district":"район Радиоцентр","centroid":[129.710481,62.016196]},"geometry":{"type":"Polygon","coordinates":[[[129.709003,62.016872],[129.711766,62.017129],[129.711995,62.015544],[129.709176,62.015252],[129.709003,62.016872]]]}},{"type":"Feature","properties":{"block_id":"ykt-0100","area_m2":13912,"district":"квартал Наука","centroid":[129.665549,62.016296]},"geometry":{"type":"Polygon","coordinates":[[[129.666318,62.017138],[129.667406,62.016465],[129.664018,62.015478],[129.663692,62.015465],[129.663652,62.01552],[129.663686,62.015661],[129.664712,62.016384],[129.666318,62.017138]]]}},{"type":"Feature","properties":{"block_id":"ykt-0101","area_m2":10472,"district":"квартал Наука","centroid":[129.640594,62.016344]},"geometry":{"type":"Polygon","coordinates":[[[129.641738,62.016731],[129.640969,62.016066],[129.640802,62.015834],[129.640763,62.015697],[129.640792,62.015587],[129.64093,62.01543],[129.64,62.01549],[129.64,62.017186],[129.641738,62.016731]]]}},{"type":"Feature","properties":{"block_id":"ykt-0102","area_m2":16881,"district":"квартал Наука","centroid":[129.651966,62.016417]},"geometry":{"type":"Polygon","coordinates":[[[129.652913,62.016882],[129.653856,62.016822],[129.653918,62.016481],[129.654289,62.016047],[129.651862,62.016129],[129.650548,62.016024],[129.650101,62.016058],[129.649594,62.016322],[129.64953,62.016453],[129.649606,62.016626],[129.649736,62.016655],[129.651611,62.016694],[129.652913,62.016882]]]}},{"type":"Feature","properties":{"block_id":"ykt-0103","area_m2":55911,"district":"квартал Наука","centroid":[129.658646,62.016583]},"geometry":{"type":"Polygon","coordinates":[[[129.653856,62.016822],[129.65491,62.016734],[129.655987,62.016723],[129.656454,62.016868],[129.659447,62.017376],[129.661401,62.017557],[129.662289,62.017481],[129.662459,62.017096],[129.662318,62.0169],[129.66217,62.016793],[129.661732,62.016583],[129.661559,62.016421],[129.661247,62.015835],[129.661078,62.015812],[129.656783,62.01591],[129.654289,62.016047],[129.653918,62.016481],[129.653856,62.016822]]]}},{"type":"Feature","properties":{"block_id":"ykt-0104","area_m2":44820,"district":"район Радиоцентр","centroid":[129.714297,62.016595]},"geometry":{"type":"Polygon","coordinates":[[[129.711766,62.017129],[129.716499,62.017627],[129.716966,62.016111],[129.711995,62.015544],[129.711766,62.017129]]]}},{"type":"Feature","properties":{"block_id":"ykt-0105","area_m2":34276,"district":"район Радиоцентр","centroid":[129.718637,62.017078]},"geometry":{"type":"Polygon","coordinates":[[[129.716499,62.017627],[129.720372,62.018019],[129.720761,62.016553],[129.716966,62.016111],[129.716499,62.017627]]]}},{"type":"Feature","properties":{"block_id":"ykt-0106","area_m2":110834,"district":"квартал Наука","centroid":[129.642303,62.017108]},"geometry":{"type":"Polygon","coordinates":[[[129.641265,62.013128],[129.641019,62.01359],[129.640818,62.014162],[129.640927,62.014938],[129.641035,62.015279],[129.640792,62.015587],[129.640763,62.015697],[129.640802,62.015834],[129.640969,62.016066],[129.641356,62.016427],[129.641738,62.016731],[129.642053,62.016892],[129.642051,62.017314],[129.641751,62.018005],[129.641587,62.018243],[129.640836,62.019098],[129.64,62.019847],[129.64,62.020237],[129.640251,62.020401],[129.640177,62.020527],[129.64,62.020628],[129.64,62.02073],[129.641071,62.020739],[129.642175,62.02061],[129.643232,62.019962],[129.643701,62.019211],[129.643685,62.018887],[129.643732,62.018743],[129.644479,62.017308],[129.644463,62.017098],[129.644307,62.016755],[129.643965,62.016397],[129.643917,62.016201],[129.643625,62.015772],[129.643328,62.014898],[129.643221,62.013836],[129.643072,62.013336],[129.642244,62.013299],[129.641265,62.013128]]]}},{"type":"Feature","properties":{"block_id":"ykt-0107","area_m2":9588,"district":"район Радиоцентр","centroid":[129.708177,62.017266]},"geometry":{"type":"Polygon","coordinates":[[[129.709003,62.016872],[129.706788,62.016712],[129.70699,62.016973],[129.707326,62.017227],[129.708316,62.017836],[129.708959,62.018148],[129.709003,62.016872]]]}},{"type":"Feature","properties":{"block_id":"ykt-0108","area_m2":191533,"district":"квартал Наука","centroid":[129.667069,62.017325]},"geometry":{"type":"Polygon","coordinates":[[[129.670941,62.020249],[129.674109,62.020768],[129.674534,62.020097],[129.674466,62.020043],[129.670249,62.019049],[129.668202,62.018143],[129.668164,62.018081],[129.668199,62.018026],[129.66923,62.01718],[129.669421,62.017096],[129.669726,62.017151],[129.670813,62.017554],[129.670875,62.017361],[129.671496,62.017263],[129.674439,62.017241],[129.675855,62.017386],[129.676298,62.016856],[129.673113,62.01631],[129.672385,62.01638],[129.670383,62.016295],[129.669816,62.016078],[129.669037,62.015962],[129.668367,62.016102],[129.667406,62.016465],[129.666318,62.017138],[129.664474,62.016235],[129.663686,62.015661],[129.663643,62.015569],[129.663692,62.015465],[129.663363,62.015333],[129.662911,62.015292],[129.662586,62.015185],[129.660862,62.014068],[129.660261,62.014403],[129.658326,62.014919],[129.658457,62.015057],[129.658671,62.015894],[129.661247,62.015835],[129.661559,62.016421],[129.661732,62.016583],[129.662318,62.0169],[129.662459,62.017096],[129.665827,62.019031],[129.666371,62.019149],[129.667246,62.019191],[129.667514,62.01925],[129.670941,62.020249]]]}},{"type":"Feature","properties":{"block_id":"ykt-0109","area_m2":39940,"district":"Старый город","centroid":[129.722878,62.017434]},"geometry":{"type":"Polygon","coordinates":[[[129.720372,62.018019],[129.725141,62.018302],[129.725257,62.016833],[129.720761,62.016553],[129.720372,62.018019]]]}},{"type":"Feature","properties":{"block_id":"ykt-0110","area_m2":59653,"district":"квартал Наука","centroid":[129.651694,62.017546]},"geometry":{"type":"Polygon","coordinates":[[[129.65491,62.016734],[129.65,62.017117],[129.649388,62.017201],[129.647851,62.017541],[129.645818,62.017848],[129.64552,62.017936],[129.645315,62.018409],[129.648427,62.018162],[129.648965,62.018197],[129.65046,62.018066],[129.656529,62.017769],[129.656831,62.017716],[129.65691,62.017643],[129.656841,62.017426],[129.656679,62.017226],[129.656647,62.016902],[129.656299,62.016835],[129.65613,62.016746],[129.65491,62.016734]]]}},{"type":"Feature","properties":{"block_id":"ykt-0111","area_m2":22048,"district":"район Радиоцентр","centroid":[129.710336,62.017695]},"geometry":{"type":"Polygon","coordinates":[[[129.711766,62.017129],[129.709003,62.016872],[129.708959,62.018148],[129.709329,62.018308],[129.711565,62.018548],[129.711766,62.017129]]]}},{"type":"Feature","properties":{"block_id":"ykt-0112","area_m2":14444,"district":"Старый город","centroid":[129.726183,62.017748]},"geometry":{"type":"Polygon","coordinates":[[[129.725141,62.018302],[129.728068,62.018305],[129.725755,62.016856],[129.725257,62.016833],[129.725141,62.018302]]]}},{"type":"Feature","properties":{"block_id":"ykt-0113","area_m2":22220,"district":"квартал Наука","centroid":[129.640851,62.017986]},"geometry":{"type":"Polygon","coordinates":[[[129.64,62.019847],[129.640836,62.019098],[129.641751,62.018005],[129.642051,62.017314],[129.642064,62.016975],[129.64201,62.016841],[129.641738,62.016731],[129.64,62.017186],[129.64,62.019847]]]}},{"type":"Feature","properties":{"block_id":"ykt-0114","area_m2":38318,"district":"район Радиоцентр","centroid":[129.713976,62.018067]},"geometry":{"type":"Polygon","coordinates":[[[129.716499,62.017627],[129.711766,62.017129],[129.711565,62.018548],[129.716113,62.018989],[129.716499,62.017627]]]}},{"type":"Feature","properties":{"block_id":"ykt-0115","area_m2":20974,"district":"район Лонгинова","centroid":[129.669835,62.018119]},"geometry":{"type":"Polygon","coordinates":[[[129.668164,62.018081],[129.668202,62.018143],[129.670249,62.019049],[129.671207,62.019283],[129.670896,62.01842],[129.670813,62.017554],[129.669726,62.017151],[129.669421,62.017096],[129.66923,62.01718],[129.668164,62.018081]]]}},{"type":"Feature","properties":{"block_id":"ykt-0116","area_m2":85201,"district":"квартал Наука","centroid":[129.65361,62.018236]},"geometry":{"type":"Polygon","coordinates":[[[129.662289,62.017481],[129.66172,62.017551],[129.660953,62.017539],[129.659447,62.017376],[129.656647,62.016902],[129.656679,62.017226],[129.65691,62.017558],[129.65691,62.017643],[129.656831,62.017716],[129.656694,62.017754],[129.65046,62.018066],[129.648965,62.018197],[129.648427,62.018162],[129.645315,62.018409],[129.644815,62.019365],[129.64617,62.019161],[129.648915,62.019036],[129.66213,62.018063],[129.662255,62.017886],[129.662289,62.017481]]]}},{"type":"Feature","properties":{"block_id":"ykt-0117","area_m2":333181,"district":"район Радиоцентр","centroid":[129.704221,62.018246]},"geometry":{"type":"Polygon","coordinates":[[[129.711584,62.021371],[129.711841,62.020377],[129.709506,62.019369],[129.708697,62.018966],[129.706846,62.017976],[129.706018,62.017451],[129.705419,62.016944],[129.704928,62.016386],[129.703981,62.014932],[129.703944,62.014691],[129.696414,62.013778],[129.697454,62.01586],[129.698542,62.01716],[129.699207,62.017758],[129.699927,62.01821],[129.705836,62.021392],[129.708012,62.02269],[129.711471,62.022647],[129.711455,62.022079],[129.711584,62.021371]]]}},{"type":"Feature","properties":{"block_id":"ykt-0118","area_m2":31888,"district":"район Радиоцентр","centroid":[129.718293,62.018502]},"geometry":{"type":"Polygon","coordinates":[[[129.720372,62.018019],[129.716499,62.017627],[129.716113,62.018989],[129.720251,62.019348],[129.720372,62.018019]]]}},{"type":"Feature","properties":{"block_id":"ykt-0119","area_m2":31666,"district":"квартал Наука","centroid":[129.663367,62.018641]},"geometry":{"type":"Polygon","coordinates":[[[129.66307,62.019681],[129.665827,62.019031],[129.662459,62.017096],[129.662289,62.017481],[129.662255,62.017886],[129.662045,62.018218],[129.661981,62.018648],[129.661763,62.018966],[129.661827,62.019121],[129.662309,62.019654],[129.66307,62.019681]]]}},{"type":"Feature","properties":{"block_id":"ykt-0120","area_m2":259621,"district":"Гимеин","centroid":[129.685781,62.018694]},"geometry":{"type":"Polygon","coordinates":[[[129.677827,62.017137],[129.680074,62.018931],[129.68041,62.019349],[129.684216,62.01839],[129.68524,62.019259],[129.686009,62.019799],[129.689817,62.022961],[129.693294,62.02295],[129.691635,62.021259],[129.691332,62.020854],[129.690633,62.019652],[129.690421,62.019379],[129.685182,62.015083],[129.679438,62.016578],[129.67817,62.016938],[129.677827,62.017137]]]}},{"type":"Feature","properties":{"block_id":"ykt-0121","area_m2":4793,"district":"район Радиоцентр","centroid":[129.710781,62.018702]},"geometry":{"type":"Polygon","coordinates":[[[129.711565,62.018548],[129.709329,62.018308],[129.710507,62.018856],[129.711529,62.019226],[129.711565,62.018548]]]}},{"type":"Feature","properties":{"block_id":"ykt-0122","area_m2":149788,"district":"район Лонгинова","centroid":[129.675644,62.018817]},"geometry":{"type":"Polygon","coordinates":[[[129.680762,62.020018],[129.68041,62.019349],[129.680074,62.018931],[129.677827,62.017137],[129.677106,62.017107],[129.676298,62.016856],[129.675855,62.017386],[129.674439,62.017241],[129.672976,62.017231],[129.671196,62.017284],[129.670875,62.017361],[129.670819,62.01744],[129.670896,62.01842],[129.671207,62.019283],[129.674466,62.020043],[129.674534,62.020097],[129.674522,62.020142],[129.674304,62.020413],[129.674109,62.020768],[129.674973,62.020829],[129.675987,62.020655],[129.678623,62.02037],[129.680762,62.020018]]]}},{"type":"Feature","properties":{"block_id":"ykt-0123","area_m2":40825,"district":"Старый город","centroid":[129.722793,62.018891]},"geometry":{"type":"Polygon","coordinates":[[[129.725141,62.018302],[129.720372,62.018019],[129.720251,62.019348],[129.723502,62.019696],[129.725198,62.019821],[129.725141,62.018302]]]}},{"type":"Feature","properties":{"block_id":"ykt-0124","area_m2":98019,"district":"район Радиоцентр","centroid":[129.71138,62.018916]},"geometry":{"type":"Polygon","coordinates":[[[129.705677,62.014864],[129.703944,62.014691],[129.703981,62.014932],[129.704745,62.016131],[129.705152,62.016659],[129.705697,62.0172],[129.706846,62.017976],[129.709506,62.019369],[129.711841,62.020377],[129.713295,62.020738],[129.714652,62.020927],[129.720427,62.021543],[129.72078,62.021547],[129.720447,62.020812],[129.715582,62.020184],[129.714223,62.019894],[129.711529,62.019226],[129.709847,62.018573],[129.708316,62.017836],[129.70699,62.016973],[129.70589,62.015483],[129.705677,62.014864]]]}},{"type":"Feature","properties":{"block_id":"ykt-0125","area_m2":19661,"district":"Старый город","centroid":[129.726301,62.019091]},"geometry":{"type":"Polygon","coordinates":[[[129.727174,62.018334],[129.725141,62.018302],[129.725198,62.019821],[129.727696,62.019802],[129.727174,62.018334]]]}},{"type":"Feature","properties":{"block_id":"ykt-0126","area_m2":15179,"district":"Старый город","centroid":[129.72843,62.01915]},"geometry":{"type":"Polygon","coordinates":[[[129.728068,62.018305],[129.727174,62.018334],[129.727696,62.019802],[129.730326,62.019686],[129.728068,62.018305]]]}},{"type":"Feature","properties":{"block_id":"ykt-0127","area_m2":64698,"district":"квартал Наука","centroid":[129.650853,62.019243]},"geometry":{"type":"Polygon","coordinates":[[[129.642175,62.02061],[129.643761,62.020463],[129.646262,62.020153],[129.648204,62.020008],[129.64806,62.019623],[129.651327,62.01925],[129.657582,62.018781],[129.660021,62.018718],[129.66135,62.018636],[129.661503,62.018654],[129.661802,62.018877],[129.661981,62.018648],[129.661996,62.01839],[129.66213,62.018063],[129.648915,62.019036],[129.647949,62.019055],[129.645748,62.019204],[129.644815,62.019365],[129.643509,62.019498],[129.643232,62.019962],[129.642175,62.02061]]]}},{"type":"Feature","properties":{"block_id":"ykt-0128","area_m2":26073,"district":"район Радиоцентр","centroid":[129.714,62.019296]},"geometry":{"type":"Polygon","coordinates":[[[129.715899,62.020207],[129.716113,62.018989],[129.711565,62.018548],[129.711529,62.019226],[129.714223,62.019894],[129.715582,62.020184],[129.715899,62.020207]]]}},{"type":"Feature","properties":{"block_id":"ykt-0129","area_m2":48088,"district":"квартал Наука","centroid":[129.654988,62.019331]},"geometry":{"type":"Polygon","coordinates":[[[129.648204,62.020008],[129.65096,62.019844],[129.654525,62.019707],[129.654695,62.019707],[129.65507,62.019879],[129.655702,62.019856],[129.657227,62.019526],[129.658813,62.01933],[129.659977,62.019289],[129.660399,62.019114],[129.661763,62.018966],[129.661802,62.018877],[129.661503,62.018654],[129.66135,62.018636],[129.660021,62.018718],[129.657582,62.018781],[129.651327,62.01925],[129.64806,62.019623],[129.648204,62.020008]]]}},{"type":"Feature","properties":{"block_id":"ykt-0130","area_m2":33316,"district":"Старый город","centroid":[129.718196,62.019851]},"geometry":{"type":"Polygon","coordinates":[[[129.716113,62.018989],[129.715899,62.020207],[129.720447,62.020812],[129.720243,62.020288],[129.720251,62.019348],[129.716113,62.018989]]]}},{"type":"Feature","properties":{"block_id":"ykt-0131","area_m2":71863,"district":"район Лонгинова","centroid":[129.683398,62.020061]},"geometry":{"type":"Polygon","coordinates":[[[129.681488,62.021094],[129.68222,62.021729],[129.686882,62.020531],[129.686009,62.019799],[129.68524,62.019259],[129.684216,62.01839],[129.68041,62.019349],[129.681108,62.020657],[129.681488,62.021094]]]}},{"type":"Feature","properties":{"block_id":"ykt-0132","area_m2":38064,"district":"Старый город","centroid":[129.722661,62.020264]},"geometry":{"type":"Polygon","coordinates":[[[129.720447,62.020812],[129.725115,62.021087],[129.725198,62.019821],[129.723502,62.019696],[129.720251,62.019348],[129.720243,62.020288],[129.720447,62.020812]]]}},{"type":"Feature","properties":{"block_id":"ykt-0133","area_m2":27882,"district":"район Лонгинова","centroid":[129.664948,62.020282]},"geometry":{"type":"Polygon","coordinates":[[[129.66371,62.019502],[129.663297,62.019593],[129.662916,62.019744],[129.662224,62.02011],[129.662613,62.020256],[129.663146,62.020761],[129.665959,62.020831],[129.667294,62.020759],[129.668123,62.020557],[129.667416,62.020185],[129.666575,62.020123],[129.666338,62.020059],[129.665876,62.019686],[129.664148,62.019787],[129.663927,62.019701],[129.66371,62.019502]]]}},{"type":"Feature","properties":{"block_id":"ykt-0134","area_m2":80789,"district":"квартал Наука","centroid":[129.65751,62.020346]},"geometry":{"type":"Polygon","coordinates":[[[129.65274,62.020201],[129.652808,62.020544],[129.652564,62.020645],[129.65331,62.021479],[129.653418,62.021682],[129.65362,62.021893],[129.660405,62.020468],[129.660949,62.020482],[129.66154,62.02067],[129.662224,62.02011],[129.66307,62.019681],[129.662309,62.019654],[129.661827,62.019121],[129.661763,62.018966],[129.660399,62.019114],[129.659977,62.019289],[129.658813,62.01933],[129.6569,62.019583],[129.656058,62.019808],[129.655752,62.02001],[129.655364,62.020114],[129.654418,62.020177],[129.65274,62.020201]]]}},{"type":"Feature","properties":{"block_id":"ykt-0135","area_m2":23807,"district":"Старый город","centroid":[129.729594,62.020376]},"geometry":{"type":"Polygon","coordinates":[[[129.728138,62.021031],[129.730319,62.020933],[129.732074,62.020778],[129.730326,62.019686],[129.727696,62.019802],[129.728138,62.021031]]]}},{"type":"Feature","properties":{"block_id":"ykt-0136","area_m2":20144,"district":"Старый город","centroid":[129.726534,62.020458]},"geometry":{"type":"Polygon","coordinates":[[[129.725115,62.021087],[129.726491,62.021071],[129.728138,62.021031],[129.727696,62.019802],[129.725198,62.019821],[129.725115,62.021087]]]}},{"type":"Feature","properties":{"block_id":"ykt-0137","area_m2":8918,"district":"район Лонгинова","centroid":[129.664704,62.021147]},"geometry":{"type":"Polygon","coordinates":[[[129.665484,62.020845],[129.663902,62.02075],[129.663146,62.020761],[129.663567,62.021065],[129.663871,62.021181],[129.66436,62.021578],[129.664497,62.021599],[129.665211,62.02154],[129.66542,62.021616],[129.665783,62.021478],[129.665954,62.021277],[129.665484,62.020845]]]}},{"type":"Feature","properties":{"block_id":"ykt-0138","area_m2":41160,"district":"Старый город","centroid":[129.72653,62.021259]},"geometry":{"type":"Polygon","coordinates":[[[129.72078,62.021547],[129.72953,62.021621],[129.732289,62.021372],[129.732927,62.021268],[129.732074,62.020778],[129.730924,62.020894],[129.729107,62.020997],[129.725115,62.021087],[129.720447,62.020812],[129.72078,62.021547]]]}},{"type":"Feature","properties":{"block_id":"ykt-0139","area_m2":122511,"district":"район Лонгинова","centroid":[129.671404,62.021273]},"geometry":{"type":"Polygon","coordinates":[[[129.675306,62.020791],[129.674726,62.020839],[129.674109,62.020768],[129.670941,62.020249],[129.667514,62.01925],[129.667246,62.019191],[129.666371,62.019149],[129.665827,62.019031],[129.66371,62.019502],[129.663927,62.019701],[129.664148,62.019787],[129.665876,62.019686],[129.666338,62.020059],[129.666575,62.020123],[129.667527,62.020219],[129.668123,62.020557],[129.669159,62.021284],[129.669945,62.021956],[129.669229,62.022418],[129.669942,62.022652],[129.671164,62.022826],[129.671689,62.022984],[129.673164,62.023071],[129.673938,62.02321],[129.674375,62.023022],[129.67572,62.022699],[129.677025,62.022294],[129.675306,62.020791]]]}},{"type":"Feature","properties":{"block_id":"ykt-0140","area_m2":218339,"district":"квартал Наука","centroid":[129.646344,62.021624]},"geometry":{"type":"Polygon","coordinates":[[[129.652564,62.020645],[129.652808,62.020544],[129.65274,62.020201],[129.654418,62.020177],[129.655364,62.020114],[129.655752,62.02001],[129.656058,62.019808],[129.65507,62.019879],[129.654695,62.019707],[129.654525,62.019707],[129.649511,62.019915],[129.646262,62.020153],[129.641071,62.020739],[129.64,62.02073],[129.64,62.024968],[129.640455,62.024547],[129.640918,62.024259],[129.642391,62.023431],[129.642991,62.023203],[129.643459,62.023146],[129.643597,62.02317],[129.643756,62.023217],[129.64422,62.023534],[129.645174,62.023241],[129.64616,62.022867],[129.646699,62.022759],[129.649026,62.022362],[129.649482,62.022346],[129.650088,62.022387],[129.650674,62.022677],[129.65362,62.021893],[129.653418,62.021682],[129.65331,62.021479],[129.652564,62.020645]]]}},{"type":"Feature","properties":{"block_id":"ykt-0141","area_m2":71783,"district":null,"centroid":[129.715302,62.021699]},"geometry":{"type":"Polygon","coordinates":[[[129.711841,62.020377],[129.711511,62.021674],[129.711455,62.022079],[129.711471,62.022647],[129.715575,62.022389],[129.719235,62.022255],[129.721062,62.022138],[129.72078,62.021547],[129.720427,62.021543],[129.713838,62.020831],[129.711841,62.020377]]]}},{"type":"Feature","properties":{"block_id":"ykt-0142","area_m2":84439,"district":"район Лонгинова","centroid":[129.665169,62.02176]},"geometry":{"type":"Polygon","coordinates":[[[129.668123,62.020557],[129.667294,62.020759],[129.665484,62.020845],[129.665954,62.021277],[129.665783,62.021478],[129.66542,62.021616],[129.665211,62.02154],[129.664415,62.021595],[129.663871,62.021181],[129.663408,62.020973],[129.662969,62.020623],[129.662613,62.020256],[129.662224,62.02011],[129.66154,62.02067],[129.661328,62.021061],[129.661251,62.021606],[129.661221,62.022938],[129.662629,62.022841],[129.664115,62.022578],[129.664941,62.022524],[129.665856,62.022533],[129.66655,62.022726],[129.667696,62.022764],[129.668474,62.022658],[129.669229,62.022418],[129.669945,62.021956],[129.669159,62.021284],[129.668123,62.020557]]]}},{"type":"Feature","properties":{"block_id":"ykt-0143","area_m2":94796,"district":"район Лонгинова","centroid":[129.67936,62.021817]},"geometry":{"type":"Polygon","coordinates":[[[129.683263,62.022617],[129.681488,62.021094],[129.681108,62.020657],[129.680762,62.020018],[129.678623,62.02037],[129.675987,62.020655],[129.675306,62.020791],[129.678713,62.023746],[129.679052,62.023707],[129.683263,62.022617]]]}},{"type":"Feature","properties":{"block_id":"ykt-0144","area_m2":67425,"district":"район Лонгинова","centroid":[129.685907,62.022049]},"geometry":{"type":"Polygon","coordinates":[[[129.68222,62.021729],[129.684102,62.023334],[129.68435,62.02323],[129.685174,62.023033],[129.685642,62.02299],[129.689817,62.022961],[129.686882,62.020531],[129.68222,62.021729]]]}},{"type":"Feature","properties":{"block_id":"ykt-0145","area_m2":49061,"district":"Старый город","centroid":[129.723249,62.022809]},"geometry":{"type":"Polygon","coordinates":[[[129.726165,62.023888],[129.724866,62.023257],[129.725363,62.022994],[129.724845,62.022712],[129.724466,62.022384],[129.724349,62.022196],[129.724338,62.021605],[129.72078,62.021547],[129.721685,62.023388],[129.723392,62.024165],[129.724029,62.02384],[129.724897,62.024219],[129.726165,62.023888]]]}},{"type":"Feature","properties":{"block_id":"ykt-0146","area_m2":78792,"district":"Старый город","centroid":[129.716894,62.023087]},"geometry":{"type":"Polygon","coordinates":[[[129.714726,62.02396],[129.721231,62.023648],[129.721775,62.02346],[129.721617,62.023288],[129.721062,62.022138],[129.719235,62.022255],[129.715575,62.022389],[129.711471,62.022647],[129.7135,62.024084],[129.714726,62.02396]]]}},{"type":"Feature","properties":{"block_id":"ykt-0147","area_m2":27383,"district":"квартал Наука","centroid":[129.647206,62.023164]},"geometry":{"type":"Polygon","coordinates":[[[129.64422,62.023534],[129.645134,62.024225],[129.646631,62.02373],[129.650674,62.022677],[129.650088,62.022387],[129.649026,62.022362],[129.64616,62.022867],[129.645174,62.023241],[129.64422,62.023534]]]}},{"type":"Feature","properties":{"block_id":"ykt-0148","area_m2":6611,"district":"район Лонгинова","centroid":[129.661908,62.023278]},"geometry":{"type":"Polygon","coordinates":[[[129.661221,62.022938],[129.661127,62.023413],[129.661016,62.023646],[129.662654,62.023652],[129.662629,62.022841],[129.661221,62.022938]]]}},{"type":"Feature","properties":{"block_id":"ykt-0149","area_m2":195695,"district":"Старый город","centroid":[129.730759,62.023322]},"geometry":{"type":"Polygon","coordinates":[[[129.732927,62.021268],[129.732289,62.021372],[129.72953,62.021621],[129.724338,62.021605],[129.724349,62.022196],[129.724632,62.022563],[129.725363,62.022994],[129.727207,62.023886],[129.732253,62.026197],[129.735734,62.024335],[129.735889,62.02415],[129.735365,62.022603],[129.732927,62.021268]]]}},{"type":"Feature","properties":{"block_id":"ykt-0150","area_m2":34255,"district":"Переулок Вилюйского","centroid":[129.710947,62.023537]},"geometry":{"type":"Polygon","coordinates":[[[129.711225,62.024732],[129.7135,62.024084],[129.711471,62.022647],[129.708012,62.02269],[129.711225,62.024732]]]}},{"type":"Feature","properties":{"block_id":"ykt-0151","area_m2":25137,"district":"район Лонгинова","centroid":[129.681456,62.023566]},"geometry":{"type":"Polygon","coordinates":[[[129.684102,62.023334],[129.683263,62.022617],[129.679052,62.023707],[129.678713,62.023746],[129.679695,62.024506],[129.683905,62.023419],[129.684102,62.023334]]]}},{"type":"Feature","properties":{"block_id":"ykt-0152","area_m2":5685,"district":"Старый город","centroid":[129.726079,62.023589]},"geometry":{"type":"Polygon","coordinates":[[[129.725363,62.022994],[129.724866,62.023257],[129.726642,62.024124],[129.726836,62.024128],[129.727341,62.023944],[129.725363,62.022994]]]}},{"type":"Feature","properties":{"block_id":"ykt-0153","area_m2":2968,"district":"Старый город","centroid":[129.724135,62.024186]},"geometry":{"type":"Polygon","coordinates":[[[129.724209,62.024525],[129.724897,62.024219],[129.724029,62.02384],[129.723392,62.024165],[129.724209,62.024525]]]}},{"type":"Feature","properties":{"block_id":"ykt-0154","area_m2":19892,"district":"Сайсары","centroid":[129.682247,62.024233]},"geometry":{"type":"Polygon","coordinates":[[[129.679695,62.024506],[129.680387,62.025103],[129.684777,62.023967],[129.684102,62.023334],[129.683905,62.023419],[129.679695,62.024506]]]}},{"type":"Feature","properties":{"block_id":"ykt-0155","area_m2":13232,"district":"Старый город","centroid":[129.726,62.024434]},"geometry":{"type":"Polygon","coordinates":[[[129.725484,62.025082],[129.725682,62.025022],[129.728,62.024234],[129.727341,62.023944],[129.726749,62.024141],[129.726165,62.023888],[129.725115,62.024144],[129.724209,62.024525],[129.725484,62.025082]]]}},{"type":"Feature","properties":{"block_id":"ykt-0156","area_m2":101847,"district":"Сайсары","centroid":[129.69205,62.024548]},"geometry":{"type":"Polygon","coordinates":[[[129.692664,62.026765],[129.695106,62.025705],[129.696106,62.025208],[129.695243,62.024772],[129.694896,62.024515],[129.693445,62.023142],[129.693294,62.02295],[129.687778,62.022955],[129.688024,62.023349],[129.688769,62.024007],[129.690918,62.025775],[129.691949,62.026455],[129.692664,62.026765]]]}},{"type":"Feature","properties":{"block_id":"ykt-0157","area_m2":47949,"district":"Поселок Геологов","centroid":[129.642194,62.024666]},"geometry":{"type":"Polygon","coordinates":[[[129.645134,62.024225],[129.643756,62.023217],[129.643597,62.02317],[129.643459,62.023146],[129.642991,62.023203],[129.642391,62.023431],[129.640455,62.024547],[129.64,62.024968],[129.64,62.026558],[129.641379,62.026001],[129.643697,62.024811],[129.645134,62.024225]]]}},{"type":"Feature","properties":{"block_id":"ykt-0158","area_m2":41443,"district":"Старый город","centroid":[129.722413,62.024667]},"geometry":{"type":"Polygon","coordinates":[[[129.721775,62.02346],[129.721231,62.023648],[129.719834,62.023714],[129.720037,62.024509],[129.720224,62.024653],[129.723089,62.025933],[129.725484,62.025082],[129.721775,62.02346]]]}},{"type":"Feature","properties":{"block_id":"ykt-0159","area_m2":51783,"district":"Переулок Вилюйского","centroid":[129.717089,62.024744]},"geometry":{"type":"Polygon","coordinates":[[[129.719834,62.023714],[129.714726,62.02396],[129.714809,62.024122],[129.71477,62.024297],[129.71406,62.024565],[129.715648,62.025628],[129.716647,62.026364],[129.718079,62.025506],[129.72001,62.024457],[129.719834,62.023714]]]}},{"type":"Feature","properties":{"block_id":"ykt-0160","area_m2":20763,"district":"Старый город","centroid":[129.738007,62.024756]},"geometry":{"type":"Polygon","coordinates":[[[129.737301,62.025758],[129.739424,62.024835],[129.740327,62.024411],[129.739649,62.024164],[129.7363,62.024302],[129.736148,62.024343],[129.736134,62.024447],[129.737301,62.025758]]]}},{"type":"Feature","properties":{"block_id":"ykt-0161","area_m2":18950,"district":"Сайсары","centroid":[129.682915,62.024821]},"geometry":{"type":"Polygon","coordinates":[[[129.680387,62.025103],[129.681062,62.025673],[129.685437,62.024539],[129.684777,62.023967],[129.680387,62.025103]]]}},{"type":"Feature","properties":{"block_id":"ykt-0162","area_m2":346475,"district":"Переулок Вилюйского","centroid":[129.702658,62.024901]},"geometry":{"type":"Polygon","coordinates":[[[129.708012,62.02269],[129.696005,62.022942],[129.693294,62.02295],[129.693445,62.023142],[129.694896,62.024515],[129.695243,62.024772],[129.698729,62.026409],[129.703441,62.028502],[129.707894,62.026258],[129.71079,62.024879],[129.711225,62.024732],[129.708012,62.02269]]]}},{"type":"Feature","properties":{"block_id":"ykt-0163","area_m2":17784,"district":"Старый город","centroid":[129.727502,62.025022]},"geometry":{"type":"Polygon","coordinates":[[[129.728,62.024234],[129.725682,62.025022],[129.725484,62.025082],[129.727304,62.02585],[129.728078,62.025432],[129.728265,62.025414],[129.729395,62.024881],[129.728,62.024234]]]}},{"type":"Feature","properties":{"block_id":"ykt-0164","area_m2":50723,"district":"Сайсары","centroid":[129.689097,62.025071]},"geometry":{"type":"Polygon","coordinates":[[[129.691361,62.027368],[129.692664,62.026765],[129.691949,62.026455],[129.690918,62.025775],[129.688024,62.023349],[129.687778,62.022955],[129.685642,62.02299],[129.687518,62.024721],[129.689756,62.026455],[129.690629,62.027007],[129.691361,62.027368]]]}},{"type":"Feature","properties":{"block_id":"ykt-0165","area_m2":59670,"district":"Старый город","centroid":[129.735579,62.025128]},"geometry":{"type":"Polygon","coordinates":[[[129.732253,62.026197],[129.734264,62.027144],[129.737301,62.025758],[129.736134,62.024447],[129.736148,62.024343],[129.7363,62.024302],[129.739649,62.024164],[129.735365,62.022603],[129.735878,62.024049],[129.735889,62.02415],[129.735839,62.024248],[129.732253,62.026197]]]}},{"type":"Feature","properties":{"block_id":"ykt-0166","area_m2":18774,"district":"Сайсары","centroid":[129.683581,62.02539]},"geometry":{"type":"Polygon","coordinates":[[[129.681062,62.025673],[129.681729,62.026239],[129.686094,62.025108],[129.685437,62.024539],[129.681062,62.025673]]]}},{"type":"Feature","properties":{"block_id":"ykt-0167","area_m2":52168,"district":"Сайсары","centroid":[129.687577,62.025449]},"geometry":{"type":"Polygon","coordinates":[[[129.690279,62.02795],[129.690384,62.027835],[129.691361,62.027368],[129.690629,62.027007],[129.689756,62.026455],[129.687518,62.024721],[129.685642,62.02299],[129.685174,62.023033],[129.68435,62.02323],[129.684102,62.023334],[129.684777,62.023967],[129.687556,62.026339],[129.688335,62.026891],[129.689171,62.027384],[129.690279,62.02795]]]}},{"type":"Feature","properties":{"block_id":"ykt-0168","area_m2":25862,"district":"Старый город","centroid":[129.738831,62.025578]},"geometry":{"type":"Polygon","coordinates":[[[129.740327,62.024411],[129.738161,62.025375],[129.735785,62.026437],[129.7365,62.026735],[129.736808,62.02674],[129.737325,62.026636],[129.737404,62.026599],[129.737501,62.02639],[129.737986,62.026186],[129.738898,62.026125],[129.739697,62.025831],[129.739808,62.025756],[129.739834,62.025464],[129.739872,62.025431],[129.740792,62.025374],[129.741725,62.024922],[129.740327,62.024411]]]}},{"type":"Feature","properties":{"block_id":"ykt-0169","area_m2":20142,"district":"Сайсары","centroid":[129.684265,62.02598]},"geometry":{"type":"Polygon","coordinates":[[[129.682492,62.026851],[129.686792,62.025713],[129.686094,62.025108],[129.681729,62.026239],[129.682492,62.026851]]]}},{"type":"Feature","properties":{"block_id":"ykt-0170","area_m2":61328,"district":"Переулок Вилюйского","centroid":[129.714819,62.026008]},"geometry":{"type":"Polygon","coordinates":[[[129.711225,62.024732],[129.716629,62.028166],[129.718414,62.027547],[129.71406,62.024565],[129.71477,62.024297],[129.714809,62.024122],[129.714726,62.02396],[129.714097,62.024],[129.713278,62.024131],[129.711225,62.024732]]]}},{"type":"Feature","properties":{"block_id":"ykt-0171","area_m2":32032,"district":"Старый город","centroid":[129.729815,62.026021]},"geometry":{"type":"Polygon","coordinates":[[[129.730437,62.027172],[129.732253,62.026197],[129.729395,62.024881],[129.728265,62.025414],[129.728078,62.025432],[129.727304,62.02585],[129.730437,62.027172]]]}},{"type":"Feature","properties":{"block_id":"ykt-0172","area_m2":55469,"district":"Старый город","centroid":[129.71965,62.026045]},"geometry":{"type":"Polygon","coordinates":[[[129.72001,62.024457],[129.718079,62.025506],[129.716647,62.026364],[129.718414,62.027547],[129.723089,62.025933],[129.720224,62.024653],[129.72001,62.024457]]]}},{"type":"Feature","properties":{"block_id":"ykt-0173","area_m2":56820,"district":"Сайсары","centroid":[129.679494,62.026113]},"geometry":{"type":"Polygon","coordinates":[[[129.67925,62.027691],[129.679429,62.027645],[129.682492,62.026851],[129.679695,62.024506],[129.678155,62.024898],[129.677346,62.025358],[129.676411,62.026005],[129.678026,62.02653],[129.678195,62.026627],[129.67925,62.027691]]]}},{"type":"Feature","properties":{"block_id":"ykt-0174","area_m2":20490,"district":"Сайсары","centroid":[129.68503,62.02659]},"geometry":{"type":"Polygon","coordinates":[[[129.686792,62.025713],[129.682492,62.026851],[129.683253,62.027463],[129.687556,62.026339],[129.686792,62.025713]]]}},{"type":"Feature","properties":{"block_id":"ykt-0175","area_m2":57683,"district":"Старый город","centroid":[129.726848,62.026631]},"geometry":{"type":"Polygon","coordinates":[[[129.723089,62.025933],[129.728348,62.028266],[129.730437,62.027172],[129.725484,62.025082],[129.723089,62.025933]]]}},{"type":"Feature","properties":{"block_id":"ykt-0176","area_m2":89266,"district":"Переулок Вилюйского","centroid":[129.712112,62.026814]},"geometry":{"type":"Polygon","coordinates":[[[129.707761,62.026323],[129.710383,62.0275],[129.711333,62.027795],[129.714496,62.0285],[129.715142,62.02871],[129.716629,62.028166],[129.711225,62.024732],[129.71079,62.024879],[129.707761,62.026323]]]}},{"type":"Feature","properties":{"block_id":"ykt-0177","area_m2":20744,"district":"Старый город","centroid":[129.732364,62.027138]},"geometry":{"type":"Polygon","coordinates":[[[129.734264,62.027144],[129.732253,62.026197],[129.730437,62.027172],[129.732537,62.02806],[129.734264,62.027144]]]}},{"type":"Feature","properties":{"block_id":"ykt-0178","area_m2":18902,"district":"Сайсары","centroid":[129.685771,62.02718]},"geometry":{"type":"Polygon","coordinates":[[[129.683253,62.027463],[129.683894,62.028031],[129.688335,62.026891],[129.687556,62.026339],[129.683253,62.027463]]]}},{"type":"Feature","properties":{"block_id":"ykt-0179","area_m2":227148,"district":"Старый город","centroid":[129.742207,62.027504]},"geometry":{"type":"Polygon","coordinates":[[[129.740096,62.029184],[129.741071,62.029378],[129.742189,62.029379],[129.745689,62.029127],[129.749906,62.028737],[129.749664,62.028294],[129.749397,62.028028],[129.749018,62.027779],[129.748091,62.027318],[129.747051,62.026882],[129.741725,62.024922],[129.740792,62.025374],[129.739872,62.025431],[129.739834,62.025464],[129.739808,62.025756],[129.739697,62.025831],[129.738898,62.026125],[129.737986,62.026186],[129.737501,62.02639],[129.737404,62.026599],[129.737325,62.026636],[129.736808,62.02674],[129.7365,62.026735],[129.735785,62.026437],[129.734264,62.027144],[129.736004,62.027948],[129.737412,62.028517],[129.740096,62.029184]]]}},{"type":"Feature","properties":{"block_id":"ykt-0180","area_m2":16531,"district":"Сайсары","centroid":[129.681127,62.027613]},"geometry":{"type":"Polygon","coordinates":[[[129.682492,62.026851],[129.67925,62.027691],[129.679022,62.027752],[129.679753,62.028381],[129.683253,62.027463],[129.682492,62.026851]]]}},{"type":"Feature","properties":{"block_id":"ykt-0181","area_m2":65318,"district":"Сайсары","centroid":[129.675577,62.0278]},"geometry":{"type":"Polygon","coordinates":[[[129.671224,62.029789],[129.67925,62.027691],[129.678195,62.026627],[129.678026,62.02653],[129.676411,62.026005],[129.674912,62.026924],[129.674233,62.027519],[129.673438,62.028001],[129.67164,62.029213],[129.671201,62.029533],[129.67115,62.029656],[129.671224,62.029789]]]}},{"type":"Feature","properties":{"block_id":"ykt-0182","area_m2":180403,"district":"Переулок Вилюйского","centroid":[129.697371,62.027908]},"geometry":{"type":"Polygon","coordinates":[[[129.696106,62.025208],[129.695106,62.025705],[129.691361,62.027368],[129.697342,62.030119],[129.697587,62.030331],[129.699891,62.029999],[129.700515,62.029846],[129.703441,62.028502],[129.696106,62.025208]]]}},{"type":"Feature","properties":{"block_id":"ykt-0183","area_m2":29216,"district":"Сайсары","centroid":[129.686426,62.027958]},"geometry":{"type":"Polygon","coordinates":[[[129.685195,62.029141],[129.685639,62.028998],[129.689171,62.027384],[129.688335,62.026891],[129.683894,62.028031],[129.685195,62.029141]]]}},{"type":"Feature","properties":{"block_id":"ykt-0184","area_m2":78945,"district":"Переулок Вилюйского","centroid":[129.709968,62.028135]},"geometry":{"type":"Polygon","coordinates":[[[129.705291,62.027561],[129.707827,62.028572],[129.708354,62.028732],[129.713237,62.029688],[129.71413,62.029159],[129.715142,62.02871],[129.714496,62.0285],[129.711333,62.027795],[129.710383,62.0275],[129.707761,62.026323],[129.705291,62.027561]]]}},{"type":"Feature","properties":{"block_id":"ykt-0185","area_m2":24697,"district":"Старый город","centroid":[129.730445,62.028178]},"geometry":{"type":"Polygon","coordinates":[[[129.730457,62.029198],[129.731922,62.0284],[129.732537,62.02806],[129.730437,62.027172],[129.728348,62.028266],[129.730457,62.029198]]]}},{"type":"Feature","properties":{"block_id":"ykt-0186","area_m2":14690,"district":"Сайсары","centroid":[129.68183,62.028197]},"geometry":{"type":"Polygon","coordinates":[[[129.679753,62.028381],[129.680374,62.028927],[129.683894,62.028031],[129.683253,62.027463],[129.679753,62.028381]]]}},{"type":"Feature","properties":{"block_id":"ykt-0187","area_m2":178724,"district":"Старый город","centroid":[129.722604,62.028431]},"geometry":{"type":"Polygon","coordinates":[[[129.716629,62.028166],[129.717569,62.028727],[129.722866,62.031117],[129.728348,62.028266],[129.723089,62.025933],[129.716629,62.028166]]]}},{"type":"Feature","properties":{"block_id":"ykt-0188","area_m2":16590,"district":"Сайсары","centroid":[129.677667,62.028515]},"geometry":{"type":"Polygon","coordinates":[[[129.679022,62.027752],[129.675578,62.028636],[129.676358,62.029282],[129.679753,62.028381],[129.679022,62.027752]]]}},{"type":"Feature","properties":{"block_id":"ykt-0189","area_m2":25906,"district":"Сайсары","centroid":[129.687675,62.028615]},"geometry":{"type":"Polygon","coordinates":[[[129.689171,62.027384],[129.685639,62.028998],[129.685195,62.029141],[129.68595,62.029862],[129.686369,62.029761],[129.690279,62.02795],[129.689171,62.027384]]]}},{"type":"Feature","properties":{"block_id":"ykt-0190","area_m2":15152,"district":"Сайсары","centroid":[129.68243,62.028774]},"geometry":{"type":"Polygon","coordinates":[[[129.680374,62.028927],[129.681063,62.029533],[129.68452,62.028569],[129.683894,62.028031],[129.680374,62.028927]]]}},{"type":"Feature","properties":{"block_id":"ykt-0191","area_m2":37068,"district":"Переулок Вилюйского","centroid":[129.693828,62.029021]},"geometry":{"type":"Polygon","coordinates":[[[129.69598,62.030581],[129.697587,62.030331],[129.697342,62.030119],[129.691361,62.027368],[129.690384,62.027835],[129.690279,62.02795],[129.69576,62.030412],[129.69598,62.030581]]]}},{"type":"Feature","properties":{"block_id":"ykt-0192","area_m2":69039,"district":"Старый город","centroid":[129.737003,62.029072]},"geometry":{"type":"Polygon","coordinates":[[[129.74051,62.030389],[129.740634,62.03028],[129.740674,62.03015],[129.740668,62.029314],[129.737412,62.028517],[129.736004,62.027948],[129.734264,62.027144],[129.732537,62.02806],[129.739412,62.030966],[129.74051,62.030389]]]}},{"type":"Feature","properties":{"block_id":"ykt-0193","area_m2":13765,"district":"Сайсары","centroid":[129.678383,62.029095]},"geometry":{"type":"Polygon","coordinates":[[[129.680374,62.028927],[129.679753,62.028381],[129.676358,62.029282],[129.677032,62.029801],[129.680374,62.028927]]]}},{"type":"Feature","properties":{"block_id":"ykt-0194","area_m2":14704,"district":"Сайсары","centroid":[129.683139,62.02932]},"geometry":{"type":"Polygon","coordinates":[[[129.681694,62.030063],[129.682831,62.029762],[129.685195,62.029141],[129.68452,62.028569],[129.681063,62.029533],[129.681694,62.030063]]]}},{"type":"Feature","properties":{"block_id":"ykt-0195","area_m2":47780,"district":"Старый город","centroid":[129.733493,62.029488]},"geometry":{"type":"Polygon","coordinates":[[[129.73433,62.030912],[129.736581,62.029769],[129.732537,62.02806],[129.730457,62.029198],[129.73433,62.030912]]]}},{"type":"Feature","properties":{"block_id":"ykt-0196","area_m2":87633,"district":"Переулок Вилюйского","centroid":[129.708373,62.029532]},"geometry":{"type":"Polygon","coordinates":[[[129.713237,62.029688],[129.708354,62.028732],[129.707827,62.028572],[129.705291,62.027561],[129.703441,62.028502],[129.710304,62.031544],[129.713237,62.029688]]]}},{"type":"Feature","properties":{"block_id":"ykt-0197","area_m2":15307,"district":"Сайсары","centroid":[129.679057,62.029667]},"geometry":{"type":"Polygon","coordinates":[[[129.681063,62.029533],[129.680374,62.028927],[129.677032,62.029801],[129.677782,62.030406],[129.681063,62.029533]]]}},{"type":"Feature","properties":{"block_id":"ykt-0198","area_m2":78150,"district":"Переулок Вилюйского","centroid":[129.718165,62.03005]},"geometry":{"type":"Polygon","coordinates":[[[129.717569,62.028727],[129.716629,62.028166],[129.714595,62.028926],[129.713237,62.029688],[129.717659,62.030508],[129.719474,62.031326],[129.720953,62.03208],[129.722866,62.031117],[129.717569,62.028727]]]}},{"type":"Feature","properties":{"block_id":"ykt-0199","area_m2":2131,"district":"Сайсары","centroid":[129.663126,62.030073]},"geometry":{"type":"Polygon","coordinates":[[[129.66355,62.029823],[129.662433,62.030052],[129.662662,62.030291],[129.662814,62.030311],[129.66383,62.030079],[129.66355,62.029823]]]}},{"type":"Feature","properties":{"block_id":"ykt-0200","area_m2":13208,"district":"Сайсары","centroid":[129.679735,62.030232]},"geometry":{"type":"Polygon","coordinates":[[[129.67837,62.030931],[129.681694,62.030063],[129.681063,62.029533],[129.677782,62.030406],[129.67837,62.030931]]]}},{"type":"Feature","properties":{"block_id":"ykt-0201","area_m2":30820,"district":"Сайсары","centroid":[129.683583,62.030253]},"geometry":{"type":"Polygon","coordinates":[[[129.685195,62.029141],[129.681694,62.030063],[129.68254,62.030719],[129.679069,62.031574],[129.678998,62.03173],[129.679027,62.03178],[129.679195,62.031814],[129.683368,62.030751],[129.685799,62.030272],[129.686569,62.03002],[129.686697,62.029888],[129.686892,62.029818],[129.686956,62.029737],[129.686879,62.029532],[129.686369,62.029761],[129.68595,62.029862],[129.685195,62.029141]]]}},{"type":"Feature","properties":{"block_id":"ykt-0202","area_m2":2228,"district":"Сайсары","centroid":[129.664364,62.03028]},"geometry":{"type":"Polygon","coordinates":[[[129.665163,62.030293],[129.665041,62.030137],[129.664881,62.030101],[129.66354,62.030222],[129.663669,62.030448],[129.665016,62.030373],[129.665163,62.030293]]]}},{"type":"Feature","properties":{"block_id":"ykt-0203","area_m2":13524,"district":"Сайсары","centroid":[129.675944,62.030479]},"geometry":{"type":"Polygon","coordinates":[[[129.674814,62.031161],[129.677782,62.030406],[129.677032,62.029801],[129.674135,62.030544],[129.674814,62.031161]]]}},{"type":"Feature","properties":{"block_id":"ykt-0204","area_m2":338704,"district":"Старый город","centroid":[129.756444,62.030556]},"geometry":{"type":"Polygon","coordinates":[[[129.751602,62.033204],[129.761957,62.033202],[129.761976,62.031844],[129.761847,62.027564],[129.754019,62.02824],[129.751883,62.028385],[129.750299,62.028385],[129.749769,62.028448],[129.75146,62.032929],[129.751602,62.033204]]]}},{"type":"Feature","properties":{"block_id":"ykt-0205","area_m2":89178,"district":"Сайсары","centroid":[129.671089,62.03057]},"geometry":{"type":"Polygon","coordinates":[[[129.675578,62.028636],[129.667349,62.030857],[129.666606,62.031009],[129.664986,62.031517],[129.66495,62.031563],[129.665066,62.031692],[129.665965,62.03211],[129.666755,62.032562],[129.66764,62.032102],[129.668762,62.031864],[129.677032,62.029801],[129.675578,62.028636]]]}},{"type":"Feature","properties":{"block_id":"ykt-0206","area_m2":3364,"district":"Сайсары","centroid":[129.665599,62.030663]},"geometry":{"type":"Polygon","coordinates":[[[129.665336,62.031086],[129.666079,62.031045],[129.665785,62.030191],[129.665163,62.030293],[129.665336,62.031086]]]}},{"type":"Feature","properties":{"block_id":"ykt-0207","area_m2":3168,"district":"Сайсары","centroid":[129.664889,62.030734]},"geometry":{"type":"Polygon","coordinates":[[[129.664651,62.031127],[129.665336,62.031086],[129.665163,62.030293],[129.665016,62.030373],[129.664391,62.030409],[129.664651,62.031127]]]}},{"type":"Feature","properties":{"block_id":"ykt-0208","area_m2":20258,"district":"Сайсары","centroid":[129.662616,62.030751]},"geometry":{"type":"Polygon","coordinates":[[[129.661181,62.031362],[129.664651,62.031127],[129.664391,62.030409],[129.663669,62.030448],[129.663482,62.030167],[129.662814,62.030311],[129.662662,62.030291],[129.662433,62.030052],[129.660804,62.030377],[129.661181,62.031362]]]}},{"type":"Feature","properties":{"block_id":"ykt-0209","area_m2":16557,"district":"Сайсары","centroid":[129.68045,62.030815]},"geometry":{"type":"Polygon","coordinates":[[[129.681694,62.030063],[129.67837,62.030931],[129.678987,62.031432],[129.679069,62.031574],[129.68254,62.030719],[129.681694,62.030063]]]}},{"type":"Feature","properties":{"block_id":"ykt-0210","area_m2":34126,"district":"Старый город","centroid":[129.736839,62.030931]},"geometry":{"type":"Polygon","coordinates":[[[129.736581,62.029769],[129.73433,62.030912],[129.736975,62.032084],[129.739412,62.030966],[129.736581,62.029769]]]}},{"type":"Feature","properties":{"block_id":"ykt-0211","area_m2":26826,"district":"Поселок Геологов","centroid":[129.640655,62.030967]},"geometry":{"type":"Polygon","coordinates":[[[129.642001,62.031482],[129.640158,62.028956],[129.640258,62.028874],[129.641105,62.02866],[129.64,62.028439],[129.64,62.0328],[129.641283,62.032519],[129.641163,62.031934],[129.64122,62.031821],[129.641805,62.031638],[129.642001,62.031482]]]}},{"type":"Feature","properties":{"block_id":"ykt-0212","area_m2":213766,"district":"Старый город","centroid":[129.746072,62.030976]},"geometry":{"type":"Polygon","coordinates":[[[129.740668,62.029314],[129.740674,62.03015],[129.740634,62.03028],[129.74051,62.030389],[129.739412,62.030966],[129.743725,62.032794],[129.744615,62.032713],[129.751602,62.033204],[129.75146,62.032929],[129.749906,62.028737],[129.745689,62.029127],[129.742758,62.029344],[129.741612,62.029395],[129.740668,62.029314]]]}},{"type":"Feature","properties":{"block_id":"ykt-0213","area_m2":180673,"district":"Старый город","centroid":[129.729253,62.031026]},"geometry":{"type":"Polygon","coordinates":[[[129.732464,62.031863],[129.73433,62.030912],[129.728348,62.028266],[129.722866,62.031117],[129.725825,62.032473],[129.727647,62.031543],[129.733116,62.03394],[129.735011,62.03299],[129.732464,62.031863]]]}},{"type":"Feature","properties":{"block_id":"ykt-0214","area_m2":11867,"district":"Сайсары","centroid":[129.676585,62.031054]},"geometry":{"type":"Polygon","coordinates":[[[129.675407,62.031708],[129.67837,62.030931],[129.677782,62.030406],[129.674814,62.031161],[129.675407,62.031708]]]}},{"type":"Feature","properties":{"block_id":"ykt-0215","area_m2":261220,"district":"Сайсары","centroid":[129.685824,62.031252]},"geometry":{"type":"Polygon","coordinates":[[[129.675863,62.032187],[129.676089,62.032464],[129.675544,62.032791],[129.675524,62.032854],[129.675923,62.033756],[129.676539,62.033748],[129.676937,62.034255],[129.678997,62.034099],[129.680446,62.03391],[129.681858,62.033607],[129.681328,62.033418],[129.680676,62.033341],[129.680688,62.033051],[129.680836,62.032974],[129.683397,62.032648],[129.687363,62.031884],[129.687816,62.032333],[129.69598,62.030581],[129.69576,62.030412],[129.690279,62.02795],[129.686879,62.029532],[129.686956,62.029737],[129.686892,62.029818],[129.686697,62.029888],[129.686569,62.03002],[129.686046,62.030202],[129.684923,62.030474],[129.682845,62.030874],[129.679195,62.031814],[129.679027,62.03178],[129.678998,62.03173],[129.679069,62.031574],[129.678265,62.03179],[129.676323,62.032156],[129.675863,62.032187]]]}},{"type":"Feature","properties":{"block_id":"ykt-0216","area_m2":13398,"district":"Сайсары","centroid":[129.677285,62.031602]},"geometry":{"type":"Polygon","coordinates":[[[129.67837,62.030931],[129.675407,62.031708],[129.675863,62.032187],[129.676087,62.032192],[129.678265,62.03179],[129.679069,62.031574],[129.678987,62.031432],[129.67837,62.030931]]]}},{"type":"Feature","properties":{"block_id":"ykt-0217","area_m2":150794,"district":"Переулок Вилюйского","centroid":[129.715616,62.031854]},"geometry":{"type":"Polygon","coordinates":[[[129.716632,62.034318],[129.720953,62.03208],[129.719474,62.031326],[129.717659,62.030508],[129.713237,62.029688],[129.710304,62.031544],[129.716632,62.034318]]]}},{"type":"Feature","properties":{"block_id":"ykt-0218","area_m2":26801,"district":"Старый город","centroid":[129.734701,62.031959]},"geometry":{"type":"Polygon","coordinates":[[[129.73433,62.030912],[129.732464,62.031863],[129.735011,62.03299],[129.736975,62.032084],[129.73433,62.030912]]]}},{"type":"Feature","properties":{"block_id":"ykt-0219","area_m2":44206,"district":"Сайсары","centroid":[129.669903,62.032116]},"geometry":{"type":"Polygon","coordinates":[[[129.666887,62.033822],[129.667724,62.033597],[129.668089,62.033437],[129.668668,62.033094],[129.669428,62.032466],[129.669647,62.032369],[129.674814,62.031161],[129.674135,62.030544],[129.668762,62.031864],[129.66764,62.032102],[129.666755,62.032562],[129.666046,62.033078],[129.666887,62.033822]]]}},{"type":"Feature","properties":{"block_id":"ykt-0220","area_m2":32153,"district":"Переулок Вилюйского","centroid":[129.723374,62.032287]},"geometry":{"type":"Polygon","coordinates":[[[129.720953,62.03208],[129.723806,62.033464],[129.725825,62.032473],[129.722866,62.031117],[129.720953,62.03208]]]}},{"type":"Feature","properties":{"block_id":"ykt-0221","area_m2":14944,"district":"Сайсары","centroid":[129.673701,62.032512]},"geometry":{"type":"Polygon","coordinates":[[[129.675407,62.031708],[129.671721,62.032702],[129.671955,62.033292],[129.674296,62.032761],[129.674669,62.032636],[129.674966,62.032406],[129.675437,62.032259],[129.675863,62.032187],[129.675407,62.031708]]]}},{"type":"Feature","properties":{"block_id":"ykt-0222","area_m2":29348,"district":"Старый город","centroid":[129.728207,62.032643]},"geometry":{"type":"Polygon","coordinates":[[[129.730595,62.032818],[129.727647,62.031543],[129.725825,62.032473],[129.728761,62.033741],[129.730595,62.032818]]]}},{"type":"Feature","properties":{"block_id":"ykt-0223","area_m2":43392,"district":"Сайсары","centroid":[129.671114,62.032655]},"geometry":{"type":"Polygon","coordinates":[[[129.671721,62.032702],[129.675407,62.031708],[129.674814,62.031161],[129.66998,62.032272],[129.669428,62.032466],[129.668947,62.032902],[129.668089,62.033437],[129.667724,62.033597],[129.666887,62.033822],[129.667334,62.034149],[129.668547,62.03389],[129.671955,62.033292],[129.671721,62.032702]]]}},{"type":"Feature","properties":{"block_id":"ykt-0224","area_m2":69954,"district":"Старый город","centroid":[129.740909,62.03273]},"geometry":{"type":"Polygon","coordinates":[[[129.739412,62.030966],[129.736975,62.032084],[129.741698,62.034172],[129.742077,62.034272],[129.743842,62.034377],[129.744094,62.033178],[129.744031,62.032999],[129.74391,62.032882],[129.739412,62.030966]]]}},{"type":"Feature","properties":{"block_id":"ykt-0225","area_m2":24030,"district":"Сайсары","centroid":[129.684105,62.032786]},"geometry":{"type":"Polygon","coordinates":[[[129.680676,62.033341],[129.681328,62.033418],[129.681858,62.033607],[129.687816,62.032333],[129.687363,62.031884],[129.683397,62.032648],[129.680836,62.032974],[129.680688,62.033051],[129.680676,62.033341]]]}},{"type":"Feature","properties":{"block_id":"ykt-0226","area_m2":169120,"district":"Поселок Геологов","centroid":[129.661747,62.033224]},"geometry":{"type":"Polygon","coordinates":[[[129.666755,62.032562],[129.665965,62.03211],[129.665066,62.031692],[129.66495,62.031563],[129.664986,62.031517],[129.666606,62.031009],[129.657636,62.031626],[129.658256,62.03451],[129.658333,62.034784],[129.658449,62.034962],[129.65889,62.03522],[129.659156,62.035316],[129.660182,62.035537],[129.661382,62.035724],[129.662164,62.035791],[129.664249,62.034419],[129.664785,62.03392],[129.666755,62.032562]]]}},{"type":"Feature","properties":{"block_id":"ykt-0227","area_m2":33634,"district":"Переулок Вилюйского","centroid":[129.721325,62.033279]},"geometry":{"type":"Polygon","coordinates":[[[129.723806,62.033464],[129.720953,62.03208],[129.71876,62.03322],[129.719721,62.033604],[129.720299,62.033747],[129.721867,62.034453],[129.723806,62.033464]]]}},{"type":"Feature","properties":{"block_id":"ykt-0228","area_m2":42725,"district":"Сайсары","centroid":[129.672522,62.033595]},"geometry":{"type":"Polygon","coordinates":[[[129.675923,62.033756],[129.675524,62.032854],[129.675544,62.032791],[129.676089,62.032464],[129.675863,62.032187],[129.675145,62.032344],[129.674863,62.03246],[129.674669,62.032636],[129.673766,62.032891],[129.671419,62.033399],[129.66757,62.034095],[129.668684,62.034567],[129.669102,62.034681],[129.669148,62.034509],[129.669286,62.034446],[129.675923,62.033756]]]}},{"type":"Feature","properties":{"block_id":"ykt-0229","area_m2":32284,"district":"Переулок Вилюйского","centroid":[129.726275,62.033613]},"geometry":{"type":"Polygon","coordinates":[[[129.723806,62.033464],[129.726678,62.034763],[129.728761,62.033741],[129.725825,62.032473],[129.723806,62.033464]]]}},{"type":"Feature","properties":{"block_id":"ykt-0230","area_m2":5122,"district":"Сайсары","centroid":[129.665911,62.033625]},"geometry":{"type":"Polygon","coordinates":[[[129.664785,62.03392],[129.666252,62.033907],[129.666887,62.033822],[129.666046,62.033078],[129.664785,62.03392]]]}},{"type":"Feature","properties":{"block_id":"ykt-0231","area_m2":81659,"district":"Старый город","centroid":[129.748028,62.033836]},"geometry":{"type":"Polygon","coordinates":[[[129.743842,62.034377],[129.748552,62.03474],[129.752525,62.034973],[129.751602,62.033204],[129.751183,62.033161],[129.744615,62.032713],[129.743788,62.032774],[129.743725,62.032794],[129.743978,62.032939],[129.744094,62.033178],[129.743842,62.034377]]]}},{"type":"Feature","properties":{"block_id":"ykt-0232","area_m2":25538,"district":"Старый город","centroid":[129.730944,62.033842]},"geometry":{"type":"Polygon","coordinates":[[[129.733116,62.03394],[129.730595,62.032818],[129.728761,62.033741],[129.731314,62.034869],[129.733116,62.03394]]]}},{"type":"Feature","properties":{"block_id":"ykt-0233","area_m2":39258,"district":"Поселок Геологов","centroid":[129.64129,62.034098]},"geometry":{"type":"Polygon","coordinates":[[[129.643254,62.034832],[129.642621,62.033784],[129.642128,62.033177],[129.641283,62.032519],[129.64,62.0328],[129.64,62.035167],[129.640614,62.035564],[129.643254,62.034832]]]}},{"type":"Feature","properties":{"block_id":"ykt-0234","area_m2":15204,"district":"Сайсары","centroid":[129.67433,62.03419]},"geometry":{"type":"Polygon","coordinates":[[[129.675923,62.033756],[129.673422,62.034011],[129.671685,62.03418],[129.671856,62.034638],[129.676937,62.034255],[129.676539,62.033748],[129.675923,62.033756]]]}},{"type":"Feature","properties":{"block_id":"ykt-0235","area_m2":35887,"district":"Переулок Вилюйского","centroid":[129.719232,62.034385]},"geometry":{"type":"Polygon","coordinates":[[[129.721867,62.034453],[129.720299,62.033747],[129.719721,62.033604],[129.71876,62.03322],[129.716632,62.034318],[129.719507,62.035565],[129.721867,62.034453]]]}},{"type":"Feature","properties":{"block_id":"ykt-0236","area_m2":6561,"district":"Сайсары","centroid":[129.6705,62.03453]},"geometry":{"type":"Polygon","coordinates":[[[129.671685,62.03418],[129.669286,62.034446],[129.669148,62.034509],[129.669102,62.034681],[129.669152,62.034845],[129.671856,62.034638],[129.671685,62.03418]]]}},{"type":"Feature","properties":{"block_id":"ykt-0237","area_m2":156722,"district":"Старый город","centroid":[129.736633,62.034593]},"geometry":{"type":"Polygon","coordinates":[[[129.736263,62.037133],[129.742077,62.034272],[129.741698,62.034172],[129.736975,62.032084],[129.735011,62.03299],[129.731314,62.034869],[129.736263,62.037133]]]}},{"type":"Feature","properties":{"block_id":"ykt-0238","area_m2":15668,"district":"Поселок Геологов","centroid":[129.664785,62.034611]},"geometry":{"type":"Polygon","coordinates":[[[129.666887,62.033822],[129.666252,62.033907],[129.664785,62.03392],[129.664249,62.034419],[129.662164,62.035791],[129.662756,62.035818],[129.66321,62.035747],[129.663397,62.035446],[129.664655,62.034839],[129.665336,62.034615],[129.667334,62.034149],[129.666887,62.033822]]]}},{"type":"Feature","properties":{"block_id":"ykt-0239","area_m2":28026,"district":"район Областная","centroid":[129.72902,62.034797]},"geometry":{"type":"Polygon","coordinates":[[[129.726678,62.034763],[129.72939,62.035836],[129.731314,62.034869],[129.728761,62.033741],[129.726678,62.034763]]]}},{"type":"Feature","properties":{"block_id":"ykt-0240","area_m2":24099,"district":"Сайсары","centroid":[129.666157,62.034931]},"geometry":{"type":"Polygon","coordinates":[[[129.66757,62.034095],[129.665336,62.034615],[129.664655,62.034839],[129.663397,62.035446],[129.66321,62.035747],[129.664127,62.035748],[129.6675,62.035031],[129.669152,62.034845],[129.669102,62.034681],[129.668684,62.034567],[129.66757,62.034095]]]}},{"type":"Feature","properties":{"block_id":"ykt-0241","area_m2":67496,"district":"район Областная","centroid":[129.723121,62.035175]},"geometry":{"type":"Polygon","coordinates":[[[129.726678,62.034763],[129.723806,62.033464],[129.721867,62.034453],[129.719507,62.035565],[129.722494,62.036875],[129.726678,62.034763]]]}},{"type":"Feature","properties":{"block_id":"ykt-0242","area_m2":17871,"district":"Поселок Геологов","centroid":[129.643382,62.035209]},"geometry":{"type":"Polygon","coordinates":[[[129.645944,62.034557],[129.643408,62.034772],[129.642878,62.034962],[129.640614,62.035564],[129.641201,62.036002],[129.641427,62.035899],[129.64595,62.035018],[129.645944,62.034557]]]}},{"type":"Feature","properties":{"block_id":"ykt-0243","area_m2":240503,"district":"район Водоканал","centroid":[129.757316,62.03537]},"geometry":{"type":"Polygon","coordinates":[[[129.751602,62.033204],[129.753206,62.036216],[129.754005,62.037833],[129.761964,62.03763],[129.761911,62.03544],[129.761957,62.033202],[129.751602,62.033204]]]}},{"type":"Feature","properties":{"block_id":"ykt-0244","area_m2":1552,"district":"Поселок Геологов","centroid":[129.640241,62.035569]},"geometry":{"type":"Polygon","coordinates":[[[129.640715,62.035639],[129.640614,62.035564],[129.64,62.035167],[129.64,62.035906],[129.640715,62.035639]]]}},{"type":"Feature","properties":{"block_id":"ykt-0245","area_m2":1396,"district":"Поселок Геологов","centroid":[129.663323,62.03594]},"geometry":{"type":"Polygon","coordinates":[[[129.66321,62.035747],[129.662941,62.035855],[129.662904,62.035948],[129.662934,62.036011],[129.663112,62.036108],[129.663372,62.036134],[129.663597,62.036088],[129.663746,62.035951],[129.663734,62.035889],[129.663595,62.035785],[129.66321,62.035747]]]}},{"type":"Feature","properties":{"block_id":"ykt-0246","area_m2":3075,"district":"Поселок Геологов","centroid":[129.640488,62.036023]},"geometry":{"type":"Polygon","coordinates":[[[129.641201,62.036002],[129.640715,62.035639],[129.64,62.035906],[129.64,62.036463],[129.641201,62.036002]]]}},{"type":"Feature","properties":{"block_id":"ykt-0247","area_m2":40092,"district":"Поселок Геологов","centroid":[129.643047,62.03618]},"geometry":{"type":"Polygon","coordinates":[[[129.646434,62.036015],[129.646259,62.035565],[129.64595,62.035018],[129.641427,62.035899],[129.64,62.036463],[129.64,62.037433],[129.640917,62.037275],[129.64445,62.036365],[129.644964,62.036171],[129.645683,62.036149],[129.646434,62.036015]]]}},{"type":"Feature","properties":{"block_id":"ykt-0248","area_m2":60150,"district":"район Областная","centroid":[129.725906,62.036374]},"geometry":{"type":"Polygon","coordinates":[[[129.72939,62.035836],[129.726678,62.034763],[129.722494,62.036875],[129.725013,62.038016],[129.72939,62.035836]]]}},{"type":"Feature","properties":{"block_id":"ykt-0249","area_m2":122498,"district":null,"centroid":[129.740755,62.036849]},"geometry":{"type":"Polygon","coordinates":[[[129.742135,62.039789],[129.743726,62.034856],[129.743842,62.034377],[129.742077,62.034272],[129.736263,62.037133],[129.742135,62.039789]]]}},{"type":"Feature","properties":{"block_id":"ykt-0250","area_m2":167876,"district":"район Водоканал","centroid":[129.745588,62.037378]},"geometry":{"type":"Polygon","coordinates":[[[129.743673,62.035019],[129.742135,62.039789],[129.747893,62.040247],[129.748011,62.038781],[129.748329,62.036698],[129.748552,62.03474],[129.743842,62.034377],[129.743673,62.035019]]]}},{"type":"Feature","properties":{"block_id":"ykt-0251","area_m2":170137,"district":"район Областная","centroid":[129.730662,62.037549]},"geometry":{"type":"Polygon","coordinates":[[[129.731314,62.034869],[129.726017,62.037548],[129.725013,62.038016],[129.730016,62.040195],[129.736263,62.037133],[129.731314,62.034869]]]}},{"type":"Feature","properties":{"block_id":"ykt-0252","area_m2":438758,"district":"Поселок Геологов","centroid":[129.64711,62.037899]},"geometry":{"type":"Polygon","coordinates":[[[129.647408,62.034397],[129.645944,62.034557],[129.645977,62.035112],[129.646159,62.03536],[129.646434,62.036015],[129.645683,62.036149],[129.644964,62.036171],[129.64445,62.036365],[129.640917,62.037275],[129.64,62.037433],[129.64,62.042916],[129.652166,62.038818],[129.655724,62.037822],[129.654436,62.036857],[129.654314,62.036722],[129.654108,62.036404],[129.653561,62.034617],[129.653361,62.034147],[129.653237,62.034012],[129.653013,62.033931],[129.651826,62.033743],[129.649163,62.034098],[129.647408,62.034397]]]}},{"type":"Feature","properties":{"block_id":"ykt-0253","area_m2":182589,"district":"район Водоканал","centroid":[129.751109,62.0379]},"geometry":{"type":"Polygon","coordinates":[[[129.754005,62.037833],[129.753206,62.036216],[129.752525,62.034973],[129.748552,62.03474],[129.748329,62.036698],[129.748011,62.038781],[129.747893,62.040247],[129.755212,62.040546],[129.754005,62.037833]]]}},{"type":"Feature","properties":{"block_id":"ykt-0254","area_m2":45457,"district":"район Областная","centroid":[129.722318,62.038484]},"geometry":{"type":"Polygon","coordinates":[[[129.722494,62.036875],[129.721228,62.037548],[129.721019,62.037745],[129.72081,62.038064],[129.720787,62.038152],[129.720851,62.038489],[129.720781,62.038638],[129.720421,62.038994],[129.720999,62.039701],[129.721837,62.040589],[129.721983,62.040689],[129.722539,62.039456],[129.722724,62.039173],[129.723261,62.038842],[129.725013,62.038016],[129.722494,62.036875]]]}},{"type":"Feature","properties":{"block_id":"ykt-0255","area_m2":10426,"district":"Поселок Геологов","centroid":[129.644231,62.038768]},"geometry":{"type":"Polygon","coordinates":[[[129.645804,62.038708],[129.645147,62.038158],[129.642652,62.03884],[129.643299,62.039374],[129.645804,62.038708]]]}},{"type":"Feature","properties":{"block_id":"ykt-0256","area_m2":289237,"district":"Поселок Геологов","centroid":[129.665714,62.039839]},"geometry":{"type":"Polygon","coordinates":[[[129.663215,62.036125],[129.662467,62.036135],[129.659367,62.036831],[129.660633,62.038595],[129.661117,62.03948],[129.662267,62.041049],[129.663957,62.042846],[129.664898,62.042687],[129.668057,62.042439],[129.6745,62.042503],[129.663949,62.036294],[129.663215,62.036125]]]}},{"type":"Feature","properties":{"block_id":"ykt-0257","area_m2":275316,"district":"район Областная","centroid":[129.73703,62.040664]},"geometry":{"type":"Polygon","coordinates":[[[129.739663,62.044455],[129.740569,62.044557],[129.742135,62.039789],[129.736263,62.037133],[129.730016,62.040195],[129.733121,62.041548],[129.739119,62.044268],[129.739663,62.044455]]]}},{"type":"Feature","properties":{"block_id":"ykt-0258","area_m2":144330,"district":"район Областная","centroid":[129.725075,62.040684]},"geometry":{"type":"Polygon","coordinates":[[[129.725013,62.038016],[129.722974,62.03899],[129.722724,62.039173],[129.722539,62.039456],[129.722261,62.040144],[129.721889,62.040895],[129.721877,62.041078],[129.722206,62.041731],[129.722273,62.042064],[129.722075,62.043022],[129.722059,62.043224],[129.72213,62.043464],[129.722962,62.043565],[129.72312,62.043632],[129.726899,62.041791],[129.730016,62.040195],[129.725013,62.038016]]]}},{"type":"Feature","properties":{"block_id":"ykt-0259","area_m2":16539,"district":"район Водоканал","centroid":[129.748805,62.040975]},"geometry":{"type":"Polygon","coordinates":[[[129.750212,62.040351],[129.747893,62.040247],[129.747668,62.041646],[129.748519,62.041646],[129.749563,62.041793],[129.749718,62.041376],[129.749753,62.040838],[129.750212,62.040351]]]}},{"type":"Feature","properties":{"block_id":"ykt-0260","area_m2":9953,"district":"район Водоканал","centroid":[129.751032,62.042271]},"geometry":{"type":"Polygon","coordinates":[[[129.749563,62.041793],[129.749275,62.042675],[129.750267,62.042456],[129.752676,62.042531],[129.752859,62.042499],[129.75294,62.042424],[129.752966,62.042219],[129.752843,62.042111],[129.752724,62.042081],[129.75018,62.042011],[129.749721,62.041917],[129.749563,62.041793]]]}},{"type":"Feature","properties":{"block_id":"ykt-0261","area_m2":15055,"district":"район Водоканал","centroid":[129.748478,62.042402]},"geometry":{"type":"Polygon","coordinates":[[[129.747668,62.041646],[129.747629,62.04251],[129.747517,62.043151],[129.749083,62.043191],[129.749512,62.042039],[129.749563,62.041793],[129.748519,62.041646],[129.747668,62.041646]]]}},{"type":"Feature","properties":{"block_id":"ykt-0262","area_m2":172702,"district":"район Водоканал","centroid":[129.744442,62.042425]},"geometry":{"type":"Polygon","coordinates":[[[129.740569,62.044557],[129.747401,62.044857],[129.747517,62.043151],[129.747629,62.04251],[129.747668,62.041646],[129.747893,62.040247],[129.742135,62.039789],[129.740569,62.044557]]]}},{"type":"Feature","properties":{"block_id":"ykt-0263","area_m2":160851,"district":"район Водоканал","centroid":[129.751942,62.042909]},"geometry":{"type":"Polygon","coordinates":[[[129.755212,62.040546],[129.750212,62.040351],[129.749753,62.040838],[129.749718,62.041376],[129.749563,62.041793],[129.749721,62.041917],[129.75018,62.042011],[129.752724,62.042081],[129.752843,62.042111],[129.752966,62.042219],[129.752929,62.042447],[129.752676,62.042531],[129.750267,62.042456],[129.749275,62.042675],[129.749083,62.043191],[129.747517,62.043151],[129.747401,62.044857],[129.754823,62.045138],[129.754945,62.043697],[129.755163,62.042041],[129.755201,62.041967],[129.755385,62.041875],[129.755903,62.041732],[129.755212,62.040546]]]}},{"type":"Feature","properties":{"block_id":"ykt-0264","area_m2":206891,"district":"район Областная","centroid":[129.728811,62.043422]},"geometry":{"type":"Polygon","coordinates":[[[129.723132,62.043762],[129.724809,62.044674],[129.727846,62.045987],[129.728814,62.046359],[129.729209,62.046366],[129.72973,62.046234],[129.730225,62.046316],[129.730541,62.046302],[129.731049,62.046078],[129.731307,62.045817],[129.733102,62.041727],[129.733257,62.041613],[129.730016,62.040195],[129.726899,62.041791],[129.72312,62.043632],[129.723132,62.043762]]]}},{"type":"Feature","properties":{"block_id":"ykt-0265","area_m2":31266,"district":"район Областная","centroid":[129.706679,62.043514]},"geometry":{"type":"Polygon","coordinates":[[[129.70908,62.041573],[129.708738,62.041522],[129.70838,62.041587],[129.707375,62.04203],[129.707002,62.042365],[129.706888,62.042868],[129.706725,62.04307],[129.706572,62.043385],[129.706413,62.043432],[129.705954,62.043401],[129.705792,62.043432],[129.70511,62.044011],[129.704482,62.044392],[129.704415,62.044516],[129.704453,62.044683],[129.705633,62.045201],[129.706771,62.044516],[129.70699,62.044319],[129.707711,62.043173],[129.708374,62.042594],[129.708701,62.041932],[129.70908,62.041573]]]}},{"type":"Feature","properties":{"block_id":"ykt-0266","area_m2":1971,"district":"район Областная","centroid":[129.722587,62.043715]},"geometry":{"type":"Polygon","coordinates":[[[129.722541,62.043924],[129.72298,62.04385],[129.723093,62.043799],[129.723155,62.043692],[129.72312,62.043632],[129.722962,62.043565],[129.722567,62.043516],[129.722244,62.043538],[129.722054,62.043667],[129.722103,62.043821],[129.722326,62.043909],[129.722541,62.043924]]]}},{"type":"Feature","properties":{"block_id":"ykt-0267","area_m2":33415,"district":"район Водоканал","centroid":[129.75589,62.043794]},"geometry":{"type":"Polygon","coordinates":[[[129.755903,62.041732],[129.755385,62.041875],[129.755201,62.041967],[129.755163,62.042041],[129.754945,62.043697],[129.754823,62.045138],[129.757318,62.045266],[129.756551,62.042994],[129.755903,62.041732]]]}},{"type":"Feature","properties":{"block_id":"ykt-0268","area_m2":147580,"district":"район Областная","centroid":[129.734076,62.045078]},"geometry":{"type":"Polygon","coordinates":[[[129.735589,62.048313],[129.735613,62.048037],[129.735753,62.047545],[129.736894,62.043989],[129.737086,62.043539],[129.737191,62.043401],[129.733257,62.041613],[129.733102,62.041727],[129.731307,62.045817],[129.731049,62.046078],[129.730243,62.046478],[129.731763,62.04709],[129.733549,62.047719],[129.734942,62.048173],[129.735589,62.048313]]]}},{"type":"Feature","properties":{"block_id":"ykt-0269","area_m2":19354,"district":"Манньыаттаах","centroid":[129.707961,62.04554]},"geometry":{"type":"Polygon","coordinates":[[[129.706527,62.045611],[129.70661,62.045921],[129.708759,62.046737],[129.708926,62.046436],[129.708987,62.046033],[129.708404,62.04492],[129.708843,62.043732],[129.708292,62.044156],[129.707376,62.045072],[129.706527,62.045611]]]}},{"type":"Feature","properties":{"block_id":"ykt-0270","area_m2":45887,"district":"район Областная","centroid":[129.725636,62.045577]},"geometry":{"type":"Polygon","coordinates":[[[129.729386,62.046594],[129.724809,62.044674],[129.723261,62.043864],[129.72298,62.04385],[129.722541,62.043924],[129.721696,62.044393],[129.724889,62.045862],[129.728333,62.047343],[129.729293,62.04692],[129.729439,62.046684],[129.729386,62.046594]]]}},{"type":"Feature","properties":{"block_id":"ykt-0271","area_m2":42623,"district":"район Областная","centroid":[129.724551,62.046257]},"geometry":{"type":"Polygon","coordinates":[[[129.721201,62.045493],[129.721606,62.045557],[129.722633,62.045945],[129.722975,62.04614],[129.727044,62.047977],[129.728333,62.047343],[129.724889,62.045862],[129.721696,62.044393],[129.721474,62.044587],[129.721396,62.044728],[129.721201,62.045493]]]}},{"type":"Feature","properties":{"block_id":"ykt-0272","area_m2":98871,"district":"район Водоканал","centroid":[129.738032,62.046266]},"geometry":{"type":"Polygon","coordinates":[[[129.737191,62.043401],[129.737086,62.043539],[129.736894,62.043989],[129.735753,62.047545],[129.735613,62.048037],[129.735589,62.048313],[129.739349,62.048668],[129.739353,62.048498],[129.739563,62.047695],[129.740569,62.044557],[129.739792,62.044481],[129.739367,62.04437],[129.737191,62.043401]]]}},{"type":"Feature","properties":{"block_id":"ykt-0273","area_m2":1816,"district":"район Областная","centroid":[129.72977,62.046454]},"geometry":{"type":"Polygon","coordinates":[[[129.730083,62.04629],[129.729851,62.046237],[129.72951,62.046268],[129.729353,62.046343],[129.729292,62.046491],[129.729465,62.046638],[129.729941,62.046667],[129.730144,62.046595],[129.730243,62.046478],[129.730205,62.046368],[129.730083,62.04629]]]}},{"type":"Feature","properties":{"block_id":"ykt-0274","area_m2":94591,"district":"район Водоканал","centroid":[129.760722,62.046692]},"geometry":{"type":"Polygon","coordinates":[[[129.759313,62.048719],[129.764423,62.0475],[129.762573,62.045453],[129.762327,62.045095],[129.762095,62.045054],[129.757318,62.045266],[129.759313,62.048719]]]}},{"type":"Feature","properties":{"block_id":"ykt-0275","area_m2":344875,"district":"район Водоканал","centroid":[129.747222,62.046866]},"geometry":{"type":"Polygon","coordinates":[[[129.754823,62.045138],[129.740569,62.044557],[129.739563,62.047695],[129.739353,62.048498],[129.739349,62.048668],[129.744849,62.048779],[129.75443,62.049066],[129.754605,62.047873],[129.754823,62.045138]]]}},{"type":"Feature","properties":{"block_id":"ykt-0276","area_m2":35493,"district":"район Областная","centroid":[129.723785,62.047063]},"geometry":{"type":"Polygon","coordinates":[[[129.720873,62.046316],[129.725831,62.048583],[129.727044,62.047977],[129.722975,62.04614],[129.722633,62.045945],[129.721606,62.045557],[129.721201,62.045493],[129.720873,62.046316]]]}},{"type":"Feature","properties":{"block_id":"ykt-0277","area_m2":3718,"district":"район Водоканал","centroid":[129.770604,62.04719]},"geometry":{"type":"Polygon","coordinates":[[[129.769308,62.047084],[129.771115,62.047486],[129.771451,62.047447],[129.77154,62.047344],[129.771511,62.047219],[129.771363,62.047144],[129.77043,62.04694],[129.77018,62.046935],[129.769308,62.047084]]]}},{"type":"Feature","properties":{"block_id":"ykt-0278","area_m2":81372,"district":"район Водоканал","centroid":[129.756508,62.047304]},"geometry":{"type":"Polygon","coordinates":[[[129.759313,62.048719],[129.757318,62.045266],[129.754823,62.045138],[129.754605,62.047873],[129.75443,62.049066],[129.756471,62.049073],[129.757817,62.048937],[129.759313,62.048719]]]}},{"type":"Feature","properties":{"block_id":"ykt-0279","area_m2":33680,"district":"район Областная","centroid":[129.722835,62.047794]},"geometry":{"type":"Polygon","coordinates":[[[129.725831,62.048583],[129.720873,62.046316],[129.720795,62.046418],[129.720491,62.046605],[129.719633,62.046912],[129.724998,62.049331],[129.725317,62.048984],[129.725831,62.048583]]]}},{"type":"Feature","properties":{"block_id":"ykt-0280","area_m2":97687,"district":"район Областная","centroid":[129.731638,62.048398]},"geometry":{"type":"Polygon","coordinates":[[[129.735113,62.050122],[129.735589,62.048313],[129.734942,62.048173],[129.733549,62.047719],[129.730923,62.046763],[129.730381,62.046633],[129.729941,62.046667],[129.728333,62.047343],[129.727044,62.047977],[129.728994,62.048918],[129.730113,62.049368],[129.734071,62.05001],[129.735113,62.050122]]]}},{"type":"Feature","properties":{"block_id":"ykt-0281","area_m2":41307,"district":"Манньыаттаах","centroid":[129.721849,62.048514]},"geometry":{"type":"Polygon","coordinates":[[[129.718102,62.047274],[129.71837,62.047454],[129.719635,62.048089],[129.722067,62.0492],[129.724512,62.050228],[129.724986,62.050294],[129.724959,62.04956],[129.724998,62.049331],[129.719633,62.046912],[129.718102,62.047274]]]}},{"type":"Feature","properties":{"block_id":"ykt-0282","area_m2":411865,"district":null,"centroid":[129.646347,62.049014]},"geometry":{"type":"Polygon","coordinates":[[[129.652086,62.048773],[129.645181,62.046326],[129.644651,62.046071],[129.643363,62.045357],[129.64,62.043333],[129.64,62.050187],[129.640324,62.05035],[129.641477,62.050722],[129.644926,62.051462],[129.648308,62.052299],[129.64986,62.05243],[129.651364,62.052267],[129.65171,62.052133],[129.652705,62.052017],[129.653433,62.051856],[129.653994,62.051637],[129.656353,62.050377],[129.652086,62.048773]]]}},{"type":"Feature","properties":{"block_id":"ykt-0283","area_m2":1926,"district":"район Водоканал","centroid":[129.777221,62.049078]},"geometry":{"type":"Polygon","coordinates":[[[129.777697,62.048878],[129.777126,62.048765],[129.77683,62.049177],[129.776851,62.049365],[129.777341,62.049349],[129.777697,62.048878]]]}},{"type":"Feature","properties":{"block_id":"ykt-0284","area_m2":71092,"district":null,"centroid":[129.682543,62.049419]},"geometry":{"type":"Polygon","coordinates":[[[129.681662,62.050729],[129.68282,62.051029],[129.684632,62.051138],[129.684578,62.049212],[129.68445,62.048815],[129.684214,62.048432],[129.683508,62.047773],[129.683141,62.047562],[129.681454,62.047878],[129.68047,62.047948],[129.680445,62.047974],[129.680812,62.048463],[129.680832,62.048644],[129.680416,62.049334],[129.679834,62.050116],[129.681662,62.050729]]]}},{"type":"Feature","properties":{"block_id":"ykt-0285","area_m2":43943,"district":"ЯКСМК","centroid":[129.737415,62.049456]},"geometry":{"type":"Polygon","coordinates":[[[129.735589,62.048313],[129.735113,62.050122],[129.736925,62.050216],[129.737107,62.05029],[129.73808,62.050344],[129.738308,62.05041],[129.738383,62.050622],[129.738533,62.0507],[129.739501,62.050705],[129.739277,62.048949],[129.739349,62.048668],[129.735589,62.048313]]]}},{"type":"Feature","properties":{"block_id":"ykt-0286","area_m2":104313,"district":"район Водоканал","centroid":[129.763543,62.049531]},"geometry":{"type":"Polygon","coordinates":[[[129.764423,62.0475],[129.76077,62.048394],[129.759313,62.048719],[129.759375,62.04884],[129.76029,62.049678],[129.760927,62.050104],[129.762175,62.050708],[129.765373,62.051708],[129.766232,62.050828],[129.767066,62.049869],[129.767067,62.049793],[129.765667,62.048635],[129.765292,62.048465],[129.764953,62.048213],[129.764866,62.048128],[129.764772,62.047664],[129.764658,62.047485],[129.764423,62.0475]]]}},{"type":"Feature","properties":{"block_id":"ykt-0287","area_m2":67378,"district":"Манньыаттаах","centroid":[129.72724,62.04982]},"geometry":{"type":"Polygon","coordinates":[[[129.729823,62.049283],[129.727044,62.047977],[129.725831,62.048583],[129.725151,62.049143],[129.724998,62.049331],[129.724975,62.04943],[129.724986,62.050294],[129.724949,62.050508],[129.724711,62.050787],[129.728808,62.051507],[129.728961,62.051209],[129.729522,62.049617],[129.729823,62.049283]]]}},{"type":"Feature","properties":{"block_id":"ykt-0288","area_m2":66315,"district":null,"centroid":[129.676558,62.050824]},"geometry":{"type":"Polygon","coordinates":[[[129.679834,62.050116],[129.678808,62.049979],[129.678588,62.049855],[129.67854,62.049669],[129.678364,62.049582],[129.677639,62.049464],[129.677154,62.049549],[129.676682,62.049559],[129.676415,62.049759],[129.676486,62.050113],[129.676366,62.050203],[129.675537,62.050358],[129.675448,62.050334],[129.675099,62.049856],[129.674887,62.049825],[129.673691,62.050303],[129.672641,62.051009],[129.67397,62.051549],[129.676951,62.051951],[129.678303,62.052062],[129.678554,62.05199],[129.679407,62.05101],[129.679476,62.050371],[129.679608,62.050185],[129.679834,62.050116]]]}},{"type":"Feature","properties":{"block_id":"ykt-0289","area_m2":6839,"district":"ЯКСМК","centroid":[129.739662,62.050825]},"geometry":{"type":"Polygon","coordinates":[[[129.739773,62.052836],[129.740063,62.052829],[129.740054,62.052728],[129.739568,62.048951],[129.739349,62.048668],[129.739277,62.048949],[129.739773,62.052836]]]}},{"type":"Feature","properties":{"block_id":"ykt-0290","area_m2":76485,"district":"ЯГИТИ","centroid":[129.732009,62.050884]},"geometry":{"type":"Polygon","coordinates":[[[129.734368,62.052475],[129.735113,62.050122],[129.734071,62.05001],[129.732016,62.049698],[129.730659,62.049478],[129.729823,62.049283],[129.729522,62.049617],[129.728961,62.051209],[129.728808,62.051507],[129.73303,62.052277],[129.734368,62.052475]]]}},{"type":"Feature","properties":{"block_id":"ykt-0291","area_m2":360837,"district":"район Водоканал","centroid":[129.776098,62.050954]},"geometry":{"type":"Polygon","coordinates":[[[129.78124,62.055432],[129.781648,62.054792],[129.78187,62.0542],[129.781972,62.053325],[129.782025,62.051726],[129.782094,62.051561],[129.782265,62.050526],[129.782232,62.050025],[129.78169,62.049666],[129.777697,62.048878],[129.777341,62.049349],[129.776851,62.049365],[129.77683,62.049177],[129.777126,62.048765],[129.769308,62.047084],[129.768044,62.047197],[129.768222,62.047847],[129.768703,62.048682],[129.769309,62.049469],[129.770898,62.050962],[129.772949,62.052241],[129.7739,62.052757],[129.774919,62.053231],[129.779371,62.054931],[129.78124,62.055432]]]}},{"type":"Feature","properties":{"block_id":"ykt-0292","area_m2":18109,"district":null,"centroid":[129.657169,62.051188]},"geometry":{"type":"Polygon","coordinates":[[[129.659354,62.051437],[129.656353,62.050377],[129.654868,62.051172],[129.657399,62.051619],[129.658522,62.051996],[129.659354,62.051437]]]}},{"type":"Feature","properties":{"block_id":"ykt-0293","area_m2":7722,"district":null,"centroid":[129.643329,62.051341]},"geometry":{"type":"Polygon","coordinates":[[[129.644926,62.051462],[129.641477,62.050722],[129.64181,62.051003],[129.642285,62.051268],[129.642851,62.051489],[129.64409,62.051815],[129.644322,62.05185],[129.644454,62.051821],[129.644926,62.051462]]]}},{"type":"Feature","properties":{"block_id":"ykt-0294","area_m2":167815,"district":"ЯКСМК","centroid":[129.756738,62.051736]},"geometry":{"type":"Polygon","coordinates":[[[129.7616,62.050844],[129.762175,62.050708],[129.760622,62.049927],[129.76029,62.049678],[129.759375,62.04884],[129.759313,62.048719],[129.757817,62.048937],[129.756471,62.049073],[129.75443,62.049066],[129.754039,62.051036],[129.753852,62.052567],[129.75413,62.05367],[129.754262,62.054526],[129.75428,62.055303],[129.758536,62.055245],[129.758243,62.054106],[129.758152,62.054049],[129.757664,62.053946],[129.757433,62.053595],[129.757204,62.053061],[129.756786,62.052401],[129.756764,62.052138],[129.756551,62.051823],[129.756571,62.051765],[129.756926,62.051655],[129.7616,62.050844]]]}},{"type":"Feature","properties":{"block_id":"ykt-0295","area_m2":198050,"district":"ЯКСМК","centroid":[129.771079,62.051792]},"geometry":{"type":"Polygon","coordinates":[[[129.779814,62.056415],[129.780738,62.055853],[129.78124,62.055432],[129.779371,62.054931],[129.774919,62.053231],[129.7739,62.052757],[129.772949,62.052241],[129.770898,62.050962],[129.769309,62.049469],[129.768703,62.048682],[129.768222,62.047847],[129.768044,62.047197],[129.764658,62.047485],[129.764772,62.047664],[129.764866,62.048128],[129.764953,62.048213],[129.765292,62.048465],[129.765667,62.048635],[129.767067,62.049793],[129.767066,62.049869],[129.766232,62.050828],[129.765373,62.051708],[129.768111,62.052444],[129.774125,62.054229],[129.775449,62.054689],[129.779814,62.056415]]]}},{"type":"Feature","properties":{"block_id":"ykt-0296","area_m2":28322,"district":null,"centroid":[129.681971,62.05206]},"geometry":{"type":"Polygon","coordinates":[[[129.682299,62.050872],[129.681791,62.050757],[129.681451,62.050965],[129.680013,62.052329],[129.679755,62.052428],[129.679981,62.0525],[129.682233,62.05282],[129.682861,62.053061],[129.683223,62.053126],[129.683297,62.053245],[129.683277,62.053293],[129.683588,62.053405],[129.683443,62.052576],[129.683492,62.052201],[129.683341,62.051884],[129.682435,62.051195],[129.682299,62.050872]]]}},{"type":"Feature","properties":{"block_id":"ykt-0297","area_m2":25219,"district":null,"centroid":[129.684079,62.052372]},"geometry":{"type":"Polygon","coordinates":[[[129.684329,62.053914],[129.684959,62.053776],[129.685095,62.053712],[129.685522,62.053358],[129.684889,62.052681],[129.684782,62.05242],[129.684675,62.052068],[129.684632,62.051138],[129.68282,62.051029],[129.682299,62.050872],[129.682435,62.051195],[129.683341,62.051884],[129.683492,62.052201],[129.683443,62.052576],[129.683588,62.053405],[129.684093,62.053701],[129.684329,62.053914]]]}},{"type":"Feature","properties":{"block_id":"ykt-0298","area_m2":126237,"district":null,"centroid":[129.645509,62.052722]},"geometry":{"type":"Polygon","coordinates":[[[129.641477,62.050722],[129.640324,62.05035],[129.64,62.050187],[129.64,62.051945],[129.640593,62.052217],[129.640756,62.052364],[129.641292,62.052432],[129.64382,62.0535],[129.646806,62.054946],[129.64694,62.054941],[129.647593,62.054704],[129.64777,62.054716],[129.647589,62.05415],[129.64932,62.053926],[129.649712,62.053838],[129.651358,62.053037],[129.65152,62.052854],[129.651364,62.052267],[129.64986,62.05243],[129.648308,62.052299],[129.644926,62.051462],[129.644454,62.051821],[129.644258,62.051845],[129.643215,62.051597],[129.642285,62.051268],[129.64181,62.051003],[129.641477,62.050722]]]}},{"type":"Feature","properties":{"block_id":"ykt-0299","area_m2":17519,"district":"Манньыаттаах","centroid":[129.722793,62.052982]},"geometry":{"type":"Polygon","coordinates":[[[129.723065,62.054147],[129.723462,62.052529],[129.723709,62.052262],[129.72395,62.051596],[129.723854,62.051378],[129.722383,62.052396],[129.722223,62.052552],[129.72206,62.052815],[129.721711,62.05412],[129.723065,62.054147]]]}},{"type":"Feature","properties":{"block_id":"ykt-0300","area_m2":1713,"district":null,"centroid":[129.792215,62.052989]},"geometry":{"type":"Polygon","coordinates":[[[129.792314,62.05278],[129.79224,62.052683],[129.791848,62.052597],[129.791847,62.052939],[129.791907,62.053021],[129.792779,62.053472],[129.792747,62.053318],[129.792522,62.053125],[129.792291,62.053006],[129.792314,62.05278]]]}},{"type":"Feature","properties":{"block_id":"ykt-0301","area_m2":10024,"district":null,"centroid":[129.790539,62.053042]},"geometry":{"type":"Polygon","coordinates":[[[129.791848,62.052597],[129.791424,62.052459],[129.791209,62.052635],[129.790664,62.052752],[129.789969,62.052822],[129.78922,62.052815],[129.788977,62.052885],[129.788966,62.052991],[129.789537,62.05332],[129.790094,62.053463],[129.790401,62.053652],[129.79187,62.052971],[129.791848,62.052597]]]}},{"type":"Feature","properties":{"block_id":"ykt-0302","area_m2":122881,"district":"ЯКСМК","centroid":[129.760141,62.053116]},"geometry":{"type":"Polygon","coordinates":[[[129.7616,62.050844],[129.756926,62.051655],[129.756571,62.051765],[129.756551,62.051823],[129.756764,62.052138],[129.756786,62.052401],[129.757204,62.053061],[129.757433,62.053595],[129.757664,62.053946],[129.758152,62.054049],[129.758243,62.054106],[129.758536,62.055245],[129.76278,62.055224],[129.762775,62.054834],[129.762872,62.054335],[129.762885,62.053778],[129.762764,62.052824],[129.762793,62.05205],[129.762639,62.051775],[129.7616,62.050844]]]}},{"type":"Feature","properties":{"block_id":"ykt-0303","area_m2":185372,"district":"ЯГИТИ","centroid":[129.736998,62.053396]},"geometry":{"type":"Polygon","coordinates":[[[129.735113,62.050122],[129.733831,62.054324],[129.733879,62.055019],[129.734137,62.056182],[129.740183,62.056046],[129.739501,62.050705],[129.738533,62.0507],[129.738383,62.050622],[129.738308,62.05041],[129.73808,62.050344],[129.737107,62.05029],[129.736925,62.050216],[129.735113,62.050122]]]}},{"type":"Feature","properties":{"block_id":"ykt-0304","area_m2":153975,"district":"ЯКСМК","centroid":[129.766616,62.053473]},"geometry":{"type":"Polygon","coordinates":[[[129.762175,62.050708],[129.7616,62.050844],[129.762639,62.051775],[129.762793,62.05205],[129.762764,62.052824],[129.762885,62.053778],[129.762872,62.054335],[129.762775,62.054834],[129.76278,62.055224],[129.769475,62.054828],[129.771141,62.054876],[129.771815,62.055002],[129.772082,62.054905],[129.772663,62.054368],[129.773187,62.053965],[129.768111,62.052444],[129.765373,62.051708],[129.762175,62.050708]]]}},{"type":"Feature","properties":{"block_id":"ykt-0305","area_m2":48236,"district":"ЯГИТИ","centroid":[129.728922,62.053686]},"geometry":{"type":"Polygon","coordinates":[[[129.730694,62.051839],[129.728808,62.051507],[129.727773,62.05354],[129.72755,62.054107],[129.727547,62.054604],[129.72769,62.055747],[129.729832,62.055644],[129.729668,62.055089],[129.729549,62.054413],[129.729574,62.054121],[129.730694,62.051839]]]}},{"type":"Feature","properties":{"block_id":"ykt-0306","area_m2":60345,"district":"Манньыаттаах","centroid":[129.705642,62.053692]},"geometry":{"type":"Polygon","coordinates":[[[129.708966,62.053832],[129.705502,62.052237],[129.705165,62.052208],[129.704996,62.052203],[129.702771,62.053317],[129.70261,62.053509],[129.702569,62.053632],[129.70298,62.053889],[129.705992,62.055248],[129.70789,62.05438],[129.708966,62.053832]]]}},{"type":"Feature","properties":{"block_id":"ykt-0307","area_m2":50272,"district":"ЯГИТИ","centroid":[129.724093,62.053696]},"geometry":{"type":"Polygon","coordinates":[[[129.722982,62.05659],[129.724485,62.056531],[129.724454,62.054546],[129.724556,62.053998],[129.72563,62.05123],[129.72579,62.05098],[129.724711,62.050787],[129.723854,62.051378],[129.72395,62.051596],[129.723709,62.052262],[129.723462,62.052529],[129.723104,62.053886],[129.722966,62.054817],[129.722982,62.05659]]]}},{"type":"Feature","properties":{"block_id":"ykt-0308","area_m2":9859,"district":null,"centroid":[129.664192,62.053731]},"geometry":{"type":"Polygon","coordinates":[[[129.665708,62.053767],[129.663968,62.053132],[129.662814,62.053738],[129.664149,62.054307],[129.665708,62.053767]]]}},{"type":"Feature","properties":{"block_id":"ykt-0309","area_m2":47303,"district":"ЯГИТИ","centroid":[129.725584,62.053767]},"geometry":{"type":"Polygon","coordinates":[[[129.724485,62.056531],[129.72611,62.056467],[129.725883,62.055178],[129.72591,62.054129],[129.727283,62.051235],[129.72579,62.05098],[129.72563,62.05123],[129.724556,62.053998],[129.724454,62.054546],[129.724485,62.056531]]]}},{"type":"Feature","properties":{"block_id":"ykt-0310","area_m2":38992,"district":"ЯГИТИ","centroid":[129.732971,62.053838]},"geometry":{"type":"Polygon","coordinates":[[[129.733986,62.05547],[129.733879,62.055019],[129.733831,62.054324],[129.734368,62.052475],[129.732082,62.052106],[129.731861,62.054195],[129.731983,62.055527],[129.733986,62.05547]]]}},{"type":"Feature","properties":{"block_id":"ykt-0311","area_m2":42864,"district":"ЯГИТИ","centroid":[129.730899,62.053902]},"geometry":{"type":"Polygon","coordinates":[[[129.732082,62.052106],[129.730694,62.051839],[129.729574,62.054121],[129.729549,62.054413],[129.729668,62.055089],[129.729832,62.055644],[129.731983,62.055527],[129.731861,62.054195],[129.732082,62.052106]]]}},{"type":"Feature","properties":{"block_id":"ykt-0312","area_m2":48514,"district":"ЯГИТИ","centroid":[129.727096,62.053927]},"geometry":{"type":"Polygon","coordinates":[[[129.72611,62.056467],[129.727764,62.056409],[129.727547,62.054604],[129.72755,62.054107],[129.727773,62.05354],[129.728808,62.051507],[129.727283,62.051235],[129.72591,62.054129],[129.725883,62.055178],[129.72611,62.056467]]]}},{"type":"Feature","properties":{"block_id":"ykt-0313","area_m2":6204,"district":"Манньыаттаах","centroid":[129.712271,62.054105]},"geometry":{"type":"Polygon","coordinates":[[[129.710612,62.054567],[129.711023,62.054751],[129.712309,62.054149],[129.712416,62.054144],[129.712753,62.054287],[129.713692,62.053826],[129.713055,62.053536],[129.710612,62.054567]]]}},{"type":"Feature","properties":{"block_id":"ykt-0314","area_m2":4519,"district":null,"centroid":[129.665259,62.054168]},"geometry":{"type":"Polygon","coordinates":[[[129.666363,62.053988],[129.665708,62.053767],[129.664149,62.054307],[129.664739,62.054563],[129.665517,62.054351],[129.666363,62.053988]]]}},{"type":"Feature","properties":{"block_id":"ykt-0315","area_m2":14062,"district":"ГРЭС","centroid":[129.789845,62.054227]},"geometry":{"type":"Polygon","coordinates":[[[129.78971,62.053362],[129.789332,62.053923],[129.788838,62.053928],[129.788479,62.054055],[129.788468,62.054144],[129.788881,62.054575],[129.789388,62.054885],[129.789946,62.055031],[129.789992,62.054915],[129.790354,62.054676],[129.791175,62.054433],[129.791231,62.054331],[129.791107,62.05419],[129.790401,62.053652],[129.790094,62.053463],[129.78971,62.053362]]]}},{"type":"Feature","properties":{"block_id":"ykt-0316","area_m2":5451,"district":"ЯКСМК","centroid":[129.740124,62.054441]},"geometry":{"type":"Polygon","coordinates":[[[129.740063,62.052829],[129.739773,62.052836],[129.740183,62.056046],[129.740476,62.056039],[129.740063,62.052829]]]}},{"type":"Feature","properties":{"block_id":"ykt-0317","area_m2":17695,"district":null,"centroid":[129.648914,62.054674]},"geometry":{"type":"Polygon","coordinates":[[[129.650024,62.054284],[129.649953,62.054083],[129.649712,62.053838],[129.64932,62.053926],[129.647589,62.05415],[129.64777,62.054716],[129.6481,62.055301],[129.648223,62.055375],[129.649119,62.055521],[129.649737,62.055421],[129.649791,62.05519],[129.649997,62.05478],[129.650024,62.054284]]]}},{"type":"Feature","properties":{"block_id":"ykt-0318","area_m2":6111,"district":null,"centroid":[129.650448,62.05504]},"geometry":{"type":"Polygon","coordinates":[[[129.651146,62.055475],[129.651173,62.055282],[129.650842,62.054748],[129.650024,62.054284],[129.649997,62.05478],[129.64975,62.055298],[129.650478,62.055546],[129.651146,62.055475]]]}},{"type":"Feature","properties":{"block_id":"ykt-0319","area_m2":3965,"district":"Манньыаттаах","centroid":[129.710853,62.055162]},"geometry":{"type":"Polygon","coordinates":[[[129.711725,62.055054],[129.711023,62.054751],[129.709972,62.055271],[129.710699,62.05557],[129.711725,62.055054]]]}},{"type":"Feature","properties":{"block_id":"ykt-0320","area_m2":56100,"district":"17 квартал","centroid":[129.685451,62.0553]},"geometry":{"type":"Polygon","coordinates":[[[129.684329,62.053914],[129.683792,62.054133],[129.683588,62.055827],[129.68336,62.057158],[129.685493,62.056629],[129.685305,62.055893],[129.685385,62.055736],[129.68606,62.055433],[129.686315,62.055746],[129.686623,62.055849],[129.68721,62.056286],[129.6881,62.056228],[129.689091,62.056347],[129.688278,62.05581],[129.685522,62.053358],[129.685095,62.053712],[129.684959,62.053776],[129.684329,62.053914]]]}},{"type":"Feature","properties":{"block_id":"ykt-0321","area_m2":49631,"district":"17 квартал","centroid":[129.709012,62.055316]},"geometry":{"type":"Polygon","coordinates":[[[129.711023,62.054751],[129.708966,62.053832],[129.70789,62.05438],[129.705992,62.055248],[129.709312,62.056787],[129.712282,62.055308],[129.711725,62.055054],[129.710699,62.05557],[129.709972,62.055271],[129.711023,62.054751]]]}},{"type":"Feature","properties":{"block_id":"ykt-0322","area_m2":24132,"district":"ЯГИТИ","centroid":[129.722128,62.055482]},"geometry":{"type":"Polygon","coordinates":[[[129.720774,62.056677],[129.722982,62.05659],[129.722966,62.054817],[129.723065,62.054147],[129.721711,62.05412],[129.721476,62.054988],[129.720945,62.0565],[129.720774,62.056677]]]}},{"type":"Feature","properties":{"block_id":"ykt-0323","area_m2":380011,"district":"ГРЭС","centroid":[129.785861,62.055583]},"geometry":{"type":"Polygon","coordinates":[[[129.786839,62.060793],[129.78884,62.060932],[129.789769,62.06033],[129.789836,62.060087],[129.78982,62.059609],[129.789604,62.05888],[129.788944,62.057796],[129.789386,62.057301],[129.788824,62.055943],[129.789619,62.055674],[129.790294,62.055221],[129.789946,62.055031],[129.789236,62.054807],[129.788766,62.054481],[129.788455,62.0541],[129.788479,62.054055],[129.788838,62.053928],[129.789332,62.053923],[129.78971,62.053362],[129.789537,62.05332],[129.788966,62.052991],[129.788977,62.052885],[129.78922,62.052815],[129.789969,62.052822],[129.790664,62.052752],[129.791209,62.052635],[129.791424,62.052459],[129.791171,62.052242],[129.790501,62.051907],[129.789554,62.051796],[129.78691,62.051121],[129.786561,62.051108],[129.784777,62.051287],[129.784434,62.051344],[129.784013,62.051552],[129.783648,62.051585],[129.7832,62.051542],[129.782025,62.051726],[129.781927,62.053922],[129.78187,62.0542],[129.781648,62.054792],[129.78124,62.055432],[129.780738,62.055853],[129.779814,62.056415],[129.781837,62.057451],[129.783972,62.058696],[129.785886,62.059902],[129.786311,62.060239],[129.786839,62.060793]]]}},{"type":"Feature","properties":{"block_id":"ykt-0324","area_m2":31078,"district":null,"centroid":[129.668973,62.05573]},"geometry":{"type":"Polygon","coordinates":[[[129.671427,62.055799],[129.668053,62.054583],[129.666747,62.05538],[129.668787,62.056713],[129.669327,62.056921],[129.671427,62.055799]]]}},{"type":"Feature","properties":{"block_id":"ykt-0325","area_m2":26005,"district":"ЯГИТИ","centroid":[129.730941,62.055943]},"geometry":{"type":"Polygon","coordinates":[[[129.734137,62.056182],[129.733986,62.05547],[129.731983,62.055527],[129.72769,62.055747],[129.727764,62.056409],[129.734137,62.056182]]]}},{"type":"Feature","properties":{"block_id":"ykt-0326","area_m2":24247,"district":"ГРЭС","centroid":[129.797269,62.056068]},"geometry":{"type":"Polygon","coordinates":[[[129.799531,62.05635],[129.797905,62.05566],[129.797162,62.055205],[129.796919,62.055139],[129.796357,62.055193],[129.795684,62.055406],[129.795105,62.055436],[129.795607,62.055764],[129.796063,62.056312],[129.797179,62.056968],[129.798195,62.056832],[129.798929,62.056643],[129.799531,62.05635]]]}},{"type":"Feature","properties":{"block_id":"ykt-0327","area_m2":7286,"district":"17 квартал","centroid":[129.686067,62.05608]},"geometry":{"type":"Polygon","coordinates":[[[129.685493,62.056629],[129.687145,62.056296],[129.68721,62.056286],[129.686623,62.055849],[129.686315,62.055746],[129.68606,62.055433],[129.685385,62.055736],[129.685305,62.055893],[129.685493,62.056629]]]}},{"type":"Feature","properties":{"block_id":"ykt-0328","area_m2":20335,"district":"ЯКСМК","centroid":[129.760954,62.056257]},"geometry":{"type":"Polygon","coordinates":[[[129.762478,62.055233],[129.760361,62.055222],[129.760043,62.057164],[129.759911,62.057569],[129.759938,62.057641],[129.760492,62.057783],[129.761208,62.056972],[129.762478,62.055233]]]}},{"type":"Feature","properties":{"block_id":"ykt-0329","area_m2":7925,"district":null,"centroid":[129.672123,62.056389]},"geometry":{"type":"Polygon","coordinates":[[[129.673389,62.056508],[129.671427,62.055799],[129.670764,62.056147],[129.671301,62.056356],[129.672604,62.057011],[129.673265,62.056654],[129.673389,62.056508]]]}},{"type":"Feature","properties":{"block_id":"ykt-0330","area_m2":25979,"district":null,"centroid":[129.651898,62.056439]},"geometry":{"type":"Polygon","coordinates":[[[129.653345,62.057499],[129.653391,62.057161],[129.654402,62.056716],[129.654566,62.056433],[129.652687,62.056327],[129.65243,62.056248],[129.651426,62.055706],[129.651244,62.055597],[129.651146,62.055475],[129.650478,62.055546],[129.64975,62.055298],[129.649737,62.055421],[129.649855,62.055695],[129.650031,62.05636],[129.650159,62.0565],[129.65172,62.057038],[129.653345,62.057499]]]}},{"type":"Feature","properties":{"block_id":"ykt-0331","area_m2":166117,"district":"ГРЭС","centroid":[129.772724,62.056664]},"geometry":{"type":"Polygon","coordinates":[[[129.773187,62.053965],[129.772663,62.054368],[129.772082,62.054905],[129.771722,62.055007],[129.76959,62.056341],[129.766887,62.058124],[129.766793,62.058334],[129.766905,62.058478],[129.767587,62.05811],[129.76792,62.058083],[129.768318,62.05824],[129.769344,62.05889],[129.770473,62.059407],[129.770655,62.059207],[129.770823,62.059114],[129.778426,62.0562],[129.778784,62.056022],[129.775449,62.054689],[129.774125,62.054229],[129.773187,62.053965]]]}},{"type":"Feature","properties":{"block_id":"ykt-0332","area_m2":14784,"district":null,"centroid":[129.662403,62.056812]},"geometry":{"type":"Polygon","coordinates":[[[129.66323,62.057744],[129.664106,62.057359],[129.662041,62.055996],[129.661642,62.055958],[129.660804,62.056313],[129.66063,62.056427],[129.662055,62.05706],[129.662855,62.057607],[129.66323,62.057744]]]}},{"type":"Feature","properties":{"block_id":"ykt-0333","area_m2":16461,"district":null,"centroid":[129.670886,62.056975]},"geometry":{"type":"Polygon","coordinates":[[[129.669327,62.056921],[129.669566,62.057172],[129.670153,62.057505],[129.670927,62.057764],[129.672604,62.057011],[129.671301,62.056356],[129.670764,62.056147],[129.669327,62.056921]]]}},{"type":"Feature","properties":{"block_id":"ykt-0334","area_m2":43012,"district":"ЯКСМК","centroid":[129.753859,62.057049]},"geometry":{"type":"Polygon","coordinates":[[[129.75428,62.055303],[129.751824,62.055398],[129.752217,62.056047],[129.752562,62.056763],[129.753573,62.0584],[129.754062,62.058765],[129.754331,62.058876],[129.755316,62.058827],[129.755618,62.058767],[129.755798,62.058637],[129.755798,62.058523],[129.754405,62.056322],[129.754348,62.056188],[129.75428,62.055303]]]}},{"type":"Feature","properties":{"block_id":"ykt-0335","area_m2":9170,"district":null,"centroid":[129.673961,62.057135]},"geometry":{"type":"Polygon","coordinates":[[[129.675332,62.057211],[129.673389,62.056508],[129.673265,62.056654],[129.672604,62.057011],[129.674372,62.057757],[129.675332,62.057211]]]}},{"type":"Feature","properties":{"block_id":"ykt-0336","area_m2":44928,"district":null,"centroid":[129.656811,62.057323]},"geometry":{"type":"Polygon","coordinates":[[[129.654566,62.056433],[129.654402,62.056716],[129.653391,62.057161],[129.653345,62.057499],[129.654272,62.057741],[129.655144,62.057896],[129.656228,62.05739],[129.65708,62.057466],[129.657965,62.057675],[129.658094,62.057729],[129.657344,62.058454],[129.65832,62.058886],[129.660063,62.057318],[129.658517,62.056803],[129.656478,62.056299],[129.655833,62.056471],[129.655032,62.0564],[129.654566,62.056433]]]}},{"type":"Feature","properties":{"block_id":"ykt-0337","area_m2":61871,"district":"ЯГИТИ","centroid":[129.731897,62.057385]},"geometry":{"type":"Polygon","coordinates":[[[129.734137,62.056182],[129.729406,62.05635],[129.729629,62.058559],[129.732906,62.058495],[129.734387,62.05841],[129.734137,62.056182]]]}},{"type":"Feature","properties":{"block_id":"ykt-0338","area_m2":20631,"district":"ЯГИТИ","centroid":[129.728716,62.057475]},"geometry":{"type":"Polygon","coordinates":[[[129.729406,62.05635],[129.727764,62.056409],[129.72807,62.05862],[129.729629,62.058559],[129.729406,62.05635]]]}},{"type":"Feature","properties":{"block_id":"ykt-0339","area_m2":22513,"district":"ЯГИТИ","centroid":[129.727043,62.057552]},"geometry":{"type":"Polygon","coordinates":[[[129.727764,62.056409],[129.72611,62.056467],[129.726106,62.057211],[129.726273,62.058661],[129.72807,62.05862],[129.727764,62.056409]]]}},{"type":"Feature","properties":{"block_id":"ykt-0340","area_m2":19775,"district":"ЯГИТИ","centroid":[129.725384,62.057576]},"geometry":{"type":"Polygon","coordinates":[[[129.72611,62.056467],[129.724485,62.056531],[129.724571,62.05759],[129.724796,62.058704],[129.726273,62.058661],[129.726106,62.057211],[129.72611,62.056467]]]}},{"type":"Feature","properties":{"block_id":"ykt-0341","area_m2":4994,"district":"ЯГИТИ","centroid":[129.736838,62.057646]},"geometry":{"type":"Polygon","coordinates":[[[129.737402,62.058112],[129.737137,62.05717],[129.736985,62.057126],[129.736434,62.057159],[129.736298,62.057249],[129.736465,62.058025],[129.736651,62.058044],[129.736679,62.058141],[129.736755,62.058179],[129.737402,62.058112]]]}},{"type":"Feature","properties":{"block_id":"ykt-0342","area_m2":7061,"district":"ЯГИТИ","centroid":[129.722715,62.057655]},"geometry":{"type":"Polygon","coordinates":[[[129.722982,62.05659],[129.7223,62.056617],[129.722582,62.058797],[129.723093,62.058779],[129.722925,62.057113],[129.722982,62.05659]]]}},{"type":"Feature","properties":{"block_id":"ykt-0343","area_m2":20500,"district":"ЯГИТИ","centroid":[129.723804,62.05767]},"geometry":{"type":"Polygon","coordinates":[[[129.724485,62.056531],[129.722982,62.05659],[129.722925,62.057113],[129.723093,62.058779],[129.724796,62.058704],[129.724571,62.05759],[129.724485,62.056531]]]}},{"type":"Feature","properties":{"block_id":"ykt-0344","area_m2":113292,"district":"ЯГИТИ","centroid":[129.737367,62.057717]},"geometry":{"type":"Polygon","coordinates":[[[129.740183,62.056046],[129.734137,62.056182],[129.734516,62.059527],[129.734954,62.059538],[129.735613,62.059367],[129.740575,62.059208],[129.740183,62.056046]]]}},{"type":"Feature","properties":{"block_id":"ykt-0345","area_m2":153893,"district":"17 квартал","centroid":[129.715258,62.057735]},"geometry":{"type":"Polygon","coordinates":[[[129.709312,62.056787],[129.712713,62.058394],[129.717696,62.060578],[129.718955,62.058867],[129.720303,62.057194],[129.720774,62.056677],[129.716815,62.056783],[129.715619,62.056743],[129.715145,62.056607],[129.712282,62.055308],[129.709312,62.056787]]]}},{"type":"Feature","properties":{"block_id":"ykt-0346","area_m2":14643,"district":null,"centroid":[129.672711,62.057747]},"geometry":{"type":"Polygon","coordinates":[[[129.673142,62.058401],[129.673338,62.058345],[129.674372,62.057757],[129.672604,62.057011],[129.670927,62.057764],[129.67281,62.058393],[129.673142,62.058401]]]}},{"type":"Feature","properties":{"block_id":"ykt-0347","area_m2":9790,"district":null,"centroid":[129.656751,62.057864]},"geometry":{"type":"Polygon","coordinates":[[[129.657344,62.058454],[129.658094,62.057729],[129.65708,62.057466],[129.656228,62.05739],[129.655144,62.057896],[129.655686,62.057988],[129.657344,62.058454]]]}},{"type":"Feature","properties":{"block_id":"ykt-0348","area_m2":32664,"district":"ЯГИТИ","centroid":[129.721096,62.057886]},"geometry":{"type":"Polygon","coordinates":[[[129.7223,62.056617],[129.720774,62.056677],[129.720303,62.057194],[129.718955,62.058867],[129.722582,62.058797],[129.7223,62.056617]]]}},{"type":"Feature","properties":{"block_id":"ykt-0349","area_m2":126710,"district":"ЯКСМК","centroid":[129.744805,62.057917]},"geometry":{"type":"Polygon","coordinates":[[[129.750061,62.059074],[129.749337,62.05802],[129.748979,62.057721],[129.74836,62.057382],[129.747834,62.056711],[129.747576,62.05652],[129.742153,62.056529],[129.741416,62.05655],[129.740554,62.05666],[129.740881,62.059301],[129.742846,62.059289],[129.744305,62.05916],[129.750061,62.059074]]]}},{"type":"Feature","properties":{"block_id":"ykt-0350","area_m2":421166,"district":"ЯКСМК","centroid":[129.761312,62.058009]},"geometry":{"type":"Polygon","coordinates":[[[129.766905,62.058478],[129.766793,62.058334],[129.766887,62.058124],[129.76959,62.056341],[129.771722,62.055007],[129.771141,62.054876],[129.769475,62.054828],[129.762478,62.055233],[129.761208,62.056972],[129.760492,62.057783],[129.759991,62.057666],[129.759911,62.057608],[129.760043,62.057164],[129.760361,62.055222],[129.75428,62.055303],[129.754348,62.056188],[129.754405,62.056322],[129.755761,62.058453],[129.755798,62.058637],[129.755618,62.058767],[129.755421,62.058816],[129.753681,62.058902],[129.755119,62.059515],[129.75546,62.059783],[129.75667,62.061034],[129.756908,62.061484],[129.757094,62.06225],[129.757728,62.063042],[129.758524,62.063169],[129.759166,62.062868],[129.759423,62.062612],[129.758946,62.062363],[129.759257,62.062083],[129.760621,62.061597],[129.76375,62.060146],[129.766149,62.05883],[129.766905,62.058478]]]}},{"type":"Feature","properties":{"block_id":"ykt-0351","area_m2":1606,"district":"ЯГИТИ","centroid":[129.736126,62.058181]},"geometry":{"type":"Polygon","coordinates":[[[129.735655,62.058355],[129.736451,62.058305],[129.736704,62.058168],[129.736612,62.058028],[129.73573,62.058052],[129.735627,62.058106],[129.735655,62.058355]]]}},{"type":"Feature","properties":{"block_id":"ykt-0352","area_m2":14558,"district":null,"centroid":[129.659756,62.058294]},"geometry":{"type":"Polygon","coordinates":[[[129.661221,62.057611],[129.660063,62.057318],[129.65832,62.058886],[129.659225,62.059287],[129.660419,62.058558],[129.660459,62.058292],[129.661221,62.057611]]]}},{"type":"Feature","properties":{"block_id":"ykt-0353","area_m2":58617,"district":null,"centroid":[129.662289,62.058806]},"geometry":{"type":"Polygon","coordinates":[[[129.66187,62.060369],[129.662597,62.059848],[129.663803,62.059188],[129.663965,62.059182],[129.665104,62.059602],[129.665666,62.059029],[129.665623,62.058956],[129.665044,62.058672],[129.664022,62.058062],[129.662855,62.057607],[129.662055,62.05706],[129.661439,62.057425],[129.660459,62.058292],[129.660419,62.058558],[129.659225,62.059287],[129.660491,62.059847],[129.66187,62.060369]]]}},{"type":"Feature","properties":{"block_id":"ykt-0354","area_m2":36149,"district":"Даркылах","centroid":[129.824164,62.059296]},"geometry":{"type":"Polygon","coordinates":[[[129.83,62.051666],[129.829158,62.052162],[129.82836,62.052791],[129.82782,62.053467],[129.824924,62.057573],[129.823289,62.059641],[129.822118,62.061573],[129.821116,62.063458],[129.820201,62.064967],[129.822969,62.062188],[129.823307,62.061473],[129.823768,62.05977],[129.824058,62.059007],[129.828077,62.053385],[129.828972,62.052798],[129.83,62.052373],[129.83,62.051666]]]}},{"type":"Feature","properties":{"block_id":"ykt-0355","area_m2":16140,"district":"ЯГИТИ","centroid":[129.732091,62.059307]},"geometry":{"type":"Polygon","coordinates":[[[129.731121,62.058544],[129.731312,62.060124],[129.733023,62.060088],[129.732906,62.058495],[129.731121,62.058544]]]}},{"type":"Feature","properties":{"block_id":"ykt-0356","area_m2":13906,"district":"ЯГИТИ","centroid":[129.730466,62.059351]},"geometry":{"type":"Polygon","coordinates":[[[129.731312,62.060124],[129.731121,62.058544],[129.729629,62.058559],[129.72981,62.060171],[129.731312,62.060124]]]}},{"type":"Feature","properties":{"block_id":"ykt-0357","area_m2":14387,"district":"ЯГИТИ","centroid":[129.728954,62.05939]},"geometry":{"type":"Polygon","coordinates":[[[129.72807,62.05862],[129.728312,62.060233],[129.72981,62.060171],[129.729629,62.058559],[129.72807,62.05862]]]}},{"type":"Feature","properties":{"block_id":"ykt-0358","area_m2":17264,"district":"ЯГИТИ","centroid":[129.727273,62.059452]},"geometry":{"type":"Polygon","coordinates":[[[129.728312,62.060233],[129.72807,62.05862],[129.726273,62.058661],[129.72643,62.060272],[129.728312,62.060233]]]}},{"type":"Feature","properties":{"block_id":"ykt-0359","area_m2":15416,"district":"ЯГИТИ","centroid":[129.724076,62.059533]},"geometry":{"type":"Polygon","coordinates":[[[129.725004,62.060309],[129.724796,62.058704],[129.723093,62.058779],[129.723415,62.060377],[129.725004,62.060309]]]}},{"type":"Feature","properties":{"block_id":"ykt-0360","area_m2":3960,"district":"ЯГИТИ","centroid":[129.723037,62.059564]},"geometry":{"type":"Polygon","coordinates":[[[129.723415,62.060377],[129.723093,62.058779],[129.722582,62.058797],[129.72285,62.059486],[129.722988,62.060396],[129.723415,62.060377]]]}},{"type":"Feature","properties":{"block_id":"ykt-0361","area_m2":15859,"district":"ЯГИТИ","centroid":[129.721964,62.059572]},"geometry":{"type":"Polygon","coordinates":[[[129.720588,62.058829],[129.720705,62.059183],[129.721227,62.059363],[129.721453,62.060443],[129.722988,62.060396],[129.72285,62.059486],[129.722582,62.058797],[129.720588,62.058829]]]}},{"type":"Feature","properties":{"block_id":"ykt-0362","area_m2":13066,"district":"ЯГИТИ","centroid":[129.740748,62.059662]},"geometry":{"type":"Polygon","coordinates":[[[129.741086,62.06098],[129.740476,62.056039],[129.740183,62.056046],[129.740906,62.062308],[129.740867,62.062761],[129.740589,62.063053],[129.740962,62.062984],[129.741498,62.06304],[129.741298,62.062837],[129.741199,62.062576],[129.741086,62.06098]]]}},{"type":"Feature","properties":{"block_id":"ykt-0363","area_m2":27094,"district":"ЯГИТИ","centroid":[129.719723,62.059785]},"geometry":{"type":"Polygon","coordinates":[[[129.721453,62.060443],[129.721227,62.059363],[129.720705,62.059183],[129.720588,62.058829],[129.718955,62.058867],[129.717696,62.060578],[129.721453,62.060443]]]}},{"type":"Feature","properties":{"block_id":"ykt-0364","area_m2":26904,"district":"ЯГИТИ","centroid":[129.733818,62.059962]},"geometry":{"type":"Polygon","coordinates":[[[129.733181,62.061512],[129.734884,62.061298],[129.734682,62.060625],[129.734387,62.05841],[129.732906,62.058495],[129.733181,62.061512]]]}},{"type":"Feature","properties":{"block_id":"ykt-0365","area_m2":56114,"district":"ЯГИТИ","centroid":[129.737495,62.060132]},"geometry":{"type":"Polygon","coordinates":[[[129.734884,62.061298],[129.737447,62.060976],[129.739794,62.060621],[129.740717,62.060578],[129.740575,62.059208],[129.735613,62.059367],[129.734954,62.059538],[129.734516,62.059527],[129.734682,62.060625],[129.734884,62.061298]]]}},{"type":"Feature","properties":{"block_id":"ykt-0366","area_m2":25767,"district":"ЯГИТИ","centroid":[129.725732,62.060229]},"geometry":{"type":"Polygon","coordinates":[[[129.725391,62.061892],[129.726586,62.061879],[129.726273,62.058661],[129.724796,62.058704],[129.725004,62.060309],[129.725391,62.061892]]]}},{"type":"Feature","properties":{"block_id":"ykt-0367","area_m2":46717,"district":null,"centroid":[129.667011,62.060633]},"geometry":{"type":"Polygon","coordinates":[[[129.662597,62.059848],[129.664469,62.060597],[129.667372,62.061225],[129.669447,62.061544],[129.671642,62.0621],[129.67279,62.062246],[129.672308,62.06192],[129.671635,62.061637],[129.669089,62.060703],[129.665104,62.059602],[129.663965,62.059182],[129.663803,62.059188],[129.662597,62.059848]]]}},{"type":"Feature","properties":{"block_id":"ykt-0368","area_m2":167424,"district":"ЯКСМК","centroid":[129.745965,62.060637]},"geometry":{"type":"Polygon","coordinates":[[[129.750992,62.059261],[129.750061,62.059074],[129.74966,62.059059],[129.74824,62.059117],[129.744305,62.05916],[129.742846,62.059289],[129.740881,62.059301],[129.741086,62.06098],[129.741169,62.06223],[129.751409,62.061935],[129.750946,62.061008],[129.750741,62.060437],[129.750703,62.060131],[129.750745,62.059529],[129.750806,62.059413],[129.750992,62.059261]]]}},{"type":"Feature","properties":{"block_id":"ykt-0369","area_m2":14139,"district":"ЯГИТИ","centroid":[129.732288,62.060847]},"geometry":{"type":"Polygon","coordinates":[[[129.731717,62.061724],[129.733181,62.061512],[129.733023,62.060088],[129.731312,62.060124],[129.731717,62.061724]]]}},{"type":"Feature","properties":{"block_id":"ykt-0370","area_m2":406651,"district":"17 квартал","centroid":[129.710358,62.060913]},"geometry":{"type":"Polygon","coordinates":[[[129.709312,62.056787],[129.703134,62.059702],[129.702618,62.060038],[129.702238,62.060651],[129.70185,62.060936],[129.710049,62.063828],[129.711039,62.064132],[129.712549,62.064486],[129.714745,62.06484],[129.715026,62.064821],[129.715531,62.06466],[129.715683,62.064424],[129.716028,62.0631],[129.716211,62.062622],[129.716373,62.062339],[129.717696,62.060578],[129.712713,62.058394],[129.709312,62.056787]]]}},{"type":"Feature","properties":{"block_id":"ykt-0371","area_m2":19784,"district":"17 квартал","centroid":[129.685938,62.060923]},"geometry":{"type":"Polygon","coordinates":[[[129.683184,62.060205],[129.687938,62.062062],[129.688593,62.061572],[129.686877,62.060888],[129.683652,62.059773],[129.683184,62.060205]]]}},{"type":"Feature","properties":{"block_id":"ykt-0372","area_m2":15137,"district":"ЯГИТИ","centroid":[129.730724,62.06098]},"geometry":{"type":"Polygon","coordinates":[[[129.730064,62.061842],[129.731717,62.061724],[129.731312,62.060124],[129.72981,62.060171],[129.730064,62.061842]]]}},{"type":"Feature","properties":{"block_id":"ykt-0373","area_m2":15088,"district":"ЯГИТИ","centroid":[129.72916,62.061038]},"geometry":{"type":"Polygon","coordinates":[[[129.728504,62.061881],[129.730064,62.061842],[129.72981,62.060171],[129.728312,62.060233],[129.728349,62.061072],[129.728504,62.061881]]]}},{"type":"Feature","properties":{"block_id":"ykt-0374","area_m2":17682,"district":"ЯГИТИ","centroid":[129.727447,62.061069]},"geometry":{"type":"Polygon","coordinates":[[[129.726586,62.061879],[129.728504,62.061881],[129.728349,62.061072],[129.728312,62.060233],[129.72643,62.060272],[129.726586,62.061879]]]}},{"type":"Feature","properties":{"block_id":"ykt-0375","area_m2":15939,"district":"ЯКСМК","centroid":[129.762657,62.061111]},"geometry":{"type":"Polygon","coordinates":[[[129.76375,62.060146],[129.762316,62.060789],[129.760717,62.061552],[129.761685,62.061937],[129.762579,62.061712],[129.763368,62.061385],[129.764135,62.060738],[129.764258,62.060541],[129.764222,62.060405],[129.76375,62.060146]]]}},{"type":"Feature","properties":{"block_id":"ykt-0376","area_m2":18249,"district":"ЯГИТИ","centroid":[129.72422,62.061148]},"geometry":{"type":"Polygon","coordinates":[[[129.72341,62.061998],[129.725391,62.061892],[129.725004,62.060309],[129.722988,62.060396],[129.72321,62.060867],[129.72341,62.061998]]]}},{"type":"Feature","properties":{"block_id":"ykt-0377","area_m2":15624,"district":"ЯГИТИ","centroid":[129.722422,62.061236]},"geometry":{"type":"Polygon","coordinates":[[[129.721742,62.062076],[129.72341,62.061998],[129.72321,62.060867],[129.722988,62.060396],[129.721453,62.060443],[129.721742,62.062076]]]}},{"type":"Feature","properties":{"block_id":"ykt-0378","area_m2":41599,"district":"ЯГИТИ","centroid":[129.719379,62.061358]},"geometry":{"type":"Polygon","coordinates":[[[129.716599,62.062045],[129.717906,62.062165],[129.721742,62.062076],[129.721453,62.060443],[129.717696,62.060578],[129.716599,62.062045]]]}},{"type":"Feature","properties":{"block_id":"ykt-0379","area_m2":158926,"district":"ЯКСМК","centroid":[129.75411,62.061724]},"geometry":{"type":"Polygon","coordinates":[[[129.758524,62.063169],[129.757728,62.063042],[129.757094,62.06225],[129.756908,62.061484],[129.75667,62.061034],[129.75546,62.059783],[129.755119,62.059515],[129.753681,62.058902],[129.751596,62.059044],[129.750972,62.059271],[129.750806,62.059413],[129.750745,62.059529],[129.750721,62.060309],[129.750946,62.061008],[129.751989,62.063002],[129.752915,62.064434],[129.754199,62.064243],[129.755048,62.064276],[129.756019,62.064215],[129.756646,62.063995],[129.757987,62.063741],[129.758309,62.063353],[129.758524,62.063169]]]}},{"type":"Feature","properties":{"block_id":"ykt-0380","area_m2":84483,"district":null,"centroid":[129.668242,62.061989]},"geometry":{"type":"Polygon","coordinates":[[[129.674202,62.062741],[129.673347,62.062475],[129.67279,62.062246],[129.671642,62.0621],[129.669447,62.061544],[129.667372,62.061225],[129.664469,62.060597],[129.662597,62.059848],[129.66187,62.060369],[129.663927,62.061303],[129.664379,62.061733],[129.665537,62.062149],[129.667599,62.062619],[129.668434,62.062905],[129.669973,62.063123],[129.672087,62.063653],[129.6731,62.063372],[129.674202,62.062741]]]}},{"type":"Feature","properties":{"block_id":"ykt-0381","area_m2":62947,"district":"ЯКСМК","centroid":[129.746596,62.062598]},"geometry":{"type":"Polygon","coordinates":[[[129.741593,62.063085],[129.742269,62.063188],[129.742863,62.063214],[129.751989,62.063002],[129.751409,62.061935],[129.741169,62.06223],[129.741199,62.062576],[129.741298,62.062837],[129.741593,62.063085]]]}},{"type":"Feature","properties":{"block_id":"ykt-0382","area_m2":328743,"district":"ЯГИТИ","centroid":[129.727588,62.062882]},"geometry":{"type":"Polygon","coordinates":[[[129.717906,62.062165],[129.716599,62.062045],[129.716211,62.062622],[129.716028,62.0631],[129.71565,62.06452],[129.715685,62.064674],[129.715935,62.064832],[129.71645,62.064954],[129.718596,62.065043],[129.720772,62.064947],[129.722711,62.0647],[129.728991,62.063612],[129.731332,62.063319],[129.733633,62.063186],[129.735945,62.063196],[129.739027,62.063287],[129.73952,62.063235],[129.740505,62.063095],[129.740803,62.062863],[129.740911,62.062569],[129.740717,62.060578],[129.739794,62.060621],[129.737447,62.060976],[129.731027,62.0618],[129.728102,62.061891],[129.725391,62.061892],[129.721742,62.062076],[129.717906,62.062165]]]}},{"type":"Feature","properties":{"block_id":"ykt-0383","area_m2":30507,"district":"17 квартал","centroid":[129.691464,62.062919]},"geometry":{"type":"Polygon","coordinates":[[[129.687938,62.062062],[129.693649,62.064207],[129.694582,62.063612],[129.69429,62.06335],[129.693281,62.062985],[129.692128,62.062658],[129.69131,62.062501],[129.689286,62.061788],[129.688866,62.061725],[129.688593,62.061572],[129.687938,62.062062]]]}},{"type":"Feature","properties":{"block_id":"ykt-0384","area_m2":3968,"district":"17 квартал","centroid":[129.694386,62.062955]},"geometry":{"type":"Polygon","coordinates":[[[129.693545,62.063085],[129.69429,62.06335],[129.695221,62.062913],[129.694564,62.062566],[129.694416,62.062543],[129.693545,62.063085]]]}},{"type":"Feature","properties":{"block_id":"ykt-0385","area_m2":7230,"district":"ЯГИТИ","centroid":[129.746334,62.06319]},"geometry":{"type":"Polygon","coordinates":[[[129.751989,62.063002],[129.742863,62.063214],[129.742269,62.063188],[129.741593,62.063085],[129.741748,62.063172],[129.741829,62.063353],[129.741791,62.063445],[129.741618,62.063578],[129.742119,62.06342],[129.742731,62.063331],[129.752088,62.063103],[129.751989,62.063002]]]}},{"type":"Feature","properties":{"block_id":"ykt-0386","area_m2":1607,"district":"ЯГИТИ","centroid":[129.739968,62.063308]},"geometry":{"type":"Polygon","coordinates":[[[129.740605,62.063606],[129.740396,62.063481],[129.740333,62.063384],[129.740333,62.063283],[129.740505,62.063095],[129.739027,62.063287],[129.73974,62.063384],[129.740605,62.063606]]]}},{"type":"Feature","properties":{"block_id":"ykt-0387","area_m2":4597,"district":"ЯГИТИ","centroid":[129.741074,62.063334]},"geometry":{"type":"Polygon","coordinates":[[[129.740505,62.063095],[129.740333,62.063283],[129.740333,62.063384],[129.740456,62.063531],[129.740796,62.063659],[129.741012,62.063684],[129.741442,62.063641],[129.741714,62.06352],[129.741829,62.063353],[129.741748,62.063172],[129.741352,62.063005],[129.740962,62.062984],[129.740505,62.063095]]]}},{"type":"Feature","properties":{"block_id":"ykt-0388","area_m2":38936,"district":"Даркылах","centroid":[129.803702,62.063593]},"geometry":{"type":"Polygon","coordinates":[[[129.804402,62.062427],[129.803224,62.06267],[129.800896,62.062505],[129.802276,62.063718],[129.802356,62.063925],[129.802458,62.064005],[129.802984,62.064226],[129.803459,62.064559],[129.80388,62.064706],[129.805109,62.064973],[129.805355,62.065143],[129.805458,62.06533],[129.805462,62.064621],[129.805542,62.064144],[129.805248,62.063522],[129.805033,62.063265],[129.804786,62.062691],[129.804402,62.062427]]]}},{"type":"Feature","properties":{"block_id":"ykt-0389","area_m2":37487,"district":"ГРЭС","centroid":[129.766121,62.06368]},"geometry":{"type":"Polygon","coordinates":[[[129.768009,62.061899],[129.768361,62.061143],[129.767957,62.06138],[129.767775,62.061558],[129.766595,62.062264],[129.766075,62.062698],[129.765203,62.063593],[129.764306,62.064006],[129.763933,62.064247],[129.76447,62.064383],[129.764623,62.06454],[129.764532,62.064721],[129.764282,62.064891],[129.764312,62.065113],[129.764789,62.065152],[129.76528,62.065332],[129.76624,62.065347],[129.766583,62.064509],[129.768009,62.061899]]]}},{"type":"Feature","properties":{"block_id":"ykt-0390","area_m2":23397,"district":"17 квартал","centroid":[129.69704,62.063705]},"geometry":{"type":"Polygon","coordinates":[[[129.69429,62.06335],[129.694582,62.063612],[129.694754,62.063608],[129.69542,62.063746],[129.696703,62.064169],[129.696877,62.064341],[129.697384,62.064546],[129.700061,62.063686],[129.699542,62.063563],[129.696095,62.063203],[129.695661,62.063093],[129.695221,62.062913],[129.69429,62.06335]]]}},{"type":"Feature","properties":{"block_id":"ykt-0391","area_m2":104908,"district":"17 квартал","centroid":[129.707348,62.063784]},"geometry":{"type":"Polygon","coordinates":[[[129.701925,62.06096],[129.701593,62.061225],[129.701881,62.061527],[129.702269,62.061798],[129.703269,62.063239],[129.704351,62.063384],[129.704989,62.063589],[129.706351,62.064276],[129.707975,62.065231],[129.710144,62.066243],[129.710329,62.066198],[129.711917,62.065442],[129.711914,62.065208],[129.711981,62.065092],[129.712549,62.064486],[129.711039,62.064132],[129.710049,62.063828],[129.701925,62.06096]]]}},{"type":"Feature","properties":{"block_id":"ykt-0392","area_m2":28943,"district":"ГРЭС","centroid":[129.763602,62.063873]},"geometry":{"type":"Polygon","coordinates":[[[129.763588,62.06447],[129.764306,62.064006],[129.765203,62.063593],[129.766075,62.062698],[129.765383,62.062602],[129.764798,62.062623],[129.764301,62.062745],[129.763913,62.062903],[129.763088,62.063367],[129.761246,62.065011],[129.762545,62.06538],[129.763588,62.06447]]]}},{"type":"Feature","properties":{"block_id":"ykt-0393","area_m2":48776,"district":null,"centroid":[129.67592,62.063974]},"geometry":{"type":"Polygon","coordinates":[[[129.67918,62.063923],[129.676736,62.06336],[129.676317,62.063318],[129.674202,62.062741],[129.6731,62.063372],[129.672087,62.063653],[129.676829,62.065047],[129.677655,62.065229],[129.67792,62.065209],[129.678026,62.065143],[129.67918,62.063923]]]}},{"type":"Feature","properties":{"block_id":"ykt-0394","area_m2":190855,"district":"ГРЭС","centroid":[129.785754,62.06408]},"geometry":{"type":"Polygon","coordinates":[[[129.783479,62.063045],[129.780272,62.064258],[129.782046,62.065361],[129.784085,62.066159],[129.785736,62.066721],[129.786213,62.066834],[129.786405,62.066631],[129.78653,62.066571],[129.788167,62.066032],[129.791173,62.06529],[129.789497,62.064135],[129.788987,62.063729],[129.787544,62.061836],[129.786839,62.060793],[129.786508,62.060795],[129.786194,62.060871],[129.783174,62.061983],[129.783024,62.062147],[129.783061,62.062241],[129.783771,62.062735],[129.783795,62.062805],[129.78372,62.062913],[129.783479,62.063045]]]}},{"type":"Feature","properties":{"block_id":"ykt-0395","area_m2":26483,"district":null,"centroid":[129.672398,62.064092]},"geometry":{"type":"Polygon","coordinates":[[[129.672087,62.063653],[129.669973,62.063123],[129.668718,62.062964],[129.668804,62.063168],[129.669281,62.063578],[129.670741,62.064106],[129.671252,62.064246],[129.673457,62.064601],[129.676402,62.065298],[129.676577,62.065273],[129.676829,62.065047],[129.672087,62.063653]]]}},{"type":"Feature","properties":{"block_id":"ykt-0396","area_m2":3170,"district":null,"centroid":[129.679779,62.064233]},"geometry":{"type":"Polygon","coordinates":[[[129.680821,62.064296],[129.67918,62.063923],[129.678858,62.064271],[129.680483,62.064496],[129.680821,62.064296]]]}},{"type":"Feature","properties":{"block_id":"ykt-0397","area_m2":363076,"district":"Даркылах","centroid":[129.795402,62.064236]},"geometry":{"type":"Polygon","coordinates":[[[129.792666,62.066581],[129.79317,62.066669],[129.793894,62.067124],[129.794446,62.06738],[129.795203,62.067577],[129.798557,62.067237],[129.800118,62.066967],[129.800977,62.066748],[129.800845,62.06633],[129.800622,62.066052],[129.803422,62.065279],[129.803576,62.065203],[129.803796,62.065002],[129.804292,62.064785],[129.80388,62.064706],[129.803459,62.064559],[129.802984,62.064226],[129.802458,62.064005],[129.802356,62.063925],[129.802276,62.063718],[129.800896,62.062505],[129.800686,62.06243],[129.799864,62.062385],[129.796734,62.062625],[129.796101,62.062737],[129.795251,62.062985],[129.794004,62.061942],[129.793447,62.061622],[129.792762,62.06137],[129.792014,62.061213],[129.790978,62.061069],[129.786839,62.060793],[129.787544,62.061836],[129.788987,62.063729],[129.78986,62.064387],[129.792312,62.066035],[129.792597,62.066314],[129.792666,62.066581]]]}},{"type":"Feature","properties":{"block_id":"ykt-0398","area_m2":23702,"district":"17 квартал","centroid":[129.695943,62.064565]},"geometry":{"type":"Polygon","coordinates":[[[129.694582,62.063612],[129.693649,62.064207],[129.697061,62.065607],[129.698106,62.065226],[129.698064,62.065109],[129.697443,62.06469],[129.697384,62.064546],[129.696877,62.064341],[129.696703,62.064169],[129.69542,62.063746],[129.694754,62.063608],[129.694582,62.063612]]]}},{"type":"Feature","properties":{"block_id":"ykt-0399","area_m2":1328,"district":"Авиапорт","centroid":[129.715539,62.064897]},"geometry":{"type":"Polygon","coordinates":[[[129.715875,62.065009],[129.715956,62.064894],[129.715935,62.064832],[129.715655,62.064709],[129.71531,62.064736],[129.715179,62.064806],[129.715133,62.064892],[129.715184,62.064987],[129.715372,62.065069],[129.715607,62.065085],[129.715875,62.065009]]]}},{"type":"Feature","properties":{"block_id":"ykt-0400","area_m2":144358,"district":"17 квартал","centroid":[129.701326,62.064961]},"geometry":{"type":"Polygon","coordinates":[[[129.699839,62.067568],[129.700583,62.067304],[129.700686,62.06724],[129.700754,62.06708],[129.700898,62.067022],[129.702623,62.066701],[129.703314,62.066718],[129.703695,62.066667],[129.703984,62.066521],[129.704794,62.066478],[129.705411,62.066375],[129.705164,62.065955],[129.702269,62.061798],[129.701881,62.061527],[129.701593,62.061225],[129.701099,62.061763],[129.700922,62.062094],[129.700783,62.062551],[129.700823,62.062641],[129.701163,62.062898],[129.701262,62.063069],[129.701241,62.063207],[129.700985,62.063344],[129.700061,62.063686],[129.697384,62.064546],[129.697443,62.06469],[129.698022,62.065076],[129.698119,62.06519],[129.698013,62.065278],[129.697061,62.065607],[129.697683,62.065933],[129.698204,62.066272],[129.699839,62.067568]]]}},{"type":"Feature","properties":{"block_id":"ykt-0401","area_m2":17483,"district":null,"centroid":[129.678934,62.065102]},"geometry":{"type":"Polygon","coordinates":[[[129.678858,62.064271],[129.678026,62.065143],[129.6778,62.065233],[129.676829,62.065047],[129.676577,62.065273],[129.679597,62.065935],[129.680119,62.065019],[129.680483,62.064496],[129.678858,62.064271]]]}},{"type":"Feature","properties":{"block_id":"ykt-0402","area_m2":91254,"district":"ЯГИТИ","centroid":[129.727454,62.065494]},"geometry":{"type":"Polygon","coordinates":[[[129.729552,62.067541],[129.729622,62.067418],[129.729561,62.066291],[129.729634,62.066157],[129.729332,62.065481],[129.72929,62.065259],[129.729492,62.064702],[129.730045,62.063887],[129.73013,62.0636],[129.73005,62.06346],[129.728421,62.063701],[129.723803,62.064506],[129.724712,62.065568],[129.725016,62.065804],[129.725325,62.06583],[129.725538,62.066059],[129.725839,62.066122],[129.726671,62.066671],[129.72673,62.066775],[129.726636,62.066846],[129.726187,62.06694],[129.72689,62.067763],[129.728296,62.067483],[129.729552,62.067541]]]}},{"type":"Feature","properties":{"block_id":"ykt-0403","area_m2":18382,"district":"Даркылах","centroid":[129.802936,62.065732]},"geometry":{"type":"Polygon","coordinates":[[[129.800977,62.066748],[129.802008,62.066449],[129.804813,62.065418],[129.805458,62.06533],[129.805355,62.065143],[129.805109,62.064973],[129.804292,62.064785],[129.803796,62.065002],[129.803576,62.065203],[129.803422,62.065279],[129.800622,62.066052],[129.800845,62.06633],[129.800977,62.066748]]]}},{"type":"Feature","properties":{"block_id":"ykt-0404","area_m2":123866,"district":null,"centroid":[129.676306,62.066031]},"geometry":{"type":"Polygon","coordinates":[[[129.68179,62.064571],[129.680821,62.064296],[129.680632,62.064388],[129.680483,62.064496],[129.680119,62.065019],[129.679597,62.065935],[129.676577,62.065273],[129.676209,62.065266],[129.673457,62.064601],[129.671252,62.064246],[129.670741,62.064106],[129.669281,62.063578],[129.669238,62.063781],[129.669254,62.063985],[129.669367,62.064141],[129.670641,62.065028],[129.671403,62.065434],[129.675301,62.0668],[129.676868,62.067392],[129.676955,62.067477],[129.676935,62.067564],[129.676387,62.067916],[129.677289,62.068195],[129.678252,62.068415],[129.679244,62.068536],[129.680159,62.067016],[129.68179,62.064571]]]}},{"type":"Feature","properties":{"block_id":"ykt-0405","area_m2":21911,"district":null,"centroid":[129.671541,62.066293]},"geometry":{"type":"Polygon","coordinates":[[[129.674344,62.068057],[129.674149,62.067828],[129.673803,62.067626],[129.673417,62.067204],[129.671583,62.065716],[129.671403,62.065434],[129.670641,62.065028],[129.669297,62.065503],[129.670546,62.066285],[129.6729,62.067476],[129.674344,62.068057]]]}},{"type":"Feature","properties":{"block_id":"ykt-0406","area_m2":29308,"district":"ГРЭС","centroid":[129.779607,62.066314]},"geometry":{"type":"Polygon","coordinates":[[[129.778586,62.065135],[129.778536,62.065345],[129.778424,62.065444],[129.777331,62.065879],[129.777852,62.06625],[129.778812,62.066737],[129.77978,62.06732],[129.780112,62.06744],[129.780325,62.067411],[129.781941,62.066762],[129.779501,62.065364],[129.779083,62.065217],[129.778586,62.065135]]]}},{"type":"Feature","properties":{"block_id":"ykt-0407","area_m2":37654,"district":"ГРЭС","centroid":[129.789598,62.066349]},"geometry":{"type":"Polygon","coordinates":[[[129.786756,62.067242],[129.792239,62.0666],[129.792666,62.066581],[129.79264,62.066407],[129.792508,62.06619],[129.791911,62.065748],[129.791173,62.06529],[129.788167,62.066032],[129.78653,62.066571],[129.786405,62.066631],[129.786213,62.066834],[129.786634,62.067113],[129.786756,62.067242]]]}},{"type":"Feature","properties":{"block_id":"ykt-0408","area_m2":56805,"district":"17 квартал","centroid":[129.69107,62.066555]},"geometry":{"type":"Polygon","coordinates":[[[129.696139,62.068358],[129.696016,62.068158],[129.695828,62.068012],[129.693695,62.066986],[129.690929,62.066075],[129.689258,62.065636],[129.689162,62.065535],[129.68906,62.065294],[129.688728,62.064926],[129.688398,62.064749],[129.686239,62.064202],[129.686408,62.065469],[129.687516,62.065477],[129.68781,62.065745],[129.689661,62.066432],[129.692016,62.067581],[129.693641,62.068146],[129.694553,62.068516],[129.694777,62.068496],[129.695549,62.068636],[129.696139,62.068358]]]}},{"type":"Feature","properties":{"block_id":"ykt-0409","area_m2":32708,"district":null,"centroid":[129.681142,62.066649]},"geometry":{"type":"Polygon","coordinates":[[[129.683063,62.064828],[129.68179,62.064571],[129.680159,62.067016],[129.679244,62.068536],[129.680381,62.068658],[129.680604,62.068633],[129.681904,62.066563],[129.683063,62.064828]]]}},{"type":"Feature","properties":{"block_id":"ykt-0410","area_m2":78899,"district":null,"centroid":[129.685799,62.066995]},"geometry":{"type":"Polygon","coordinates":[[[129.687316,62.069049],[129.689488,62.068064],[129.687044,62.067007],[129.686704,62.066824],[129.686591,62.06669],[129.686539,62.066554],[129.686239,62.064202],[129.686168,62.064003],[129.685724,62.064331],[129.685131,62.064928],[129.684611,62.065137],[129.684371,62.065328],[129.683757,62.066009],[129.682832,62.067505],[129.683625,62.067721],[129.687316,62.069049]]]}},{"type":"Feature","properties":{"block_id":"ykt-0411","area_m2":284583,"district":"Авиапорт","centroid":[129.719225,62.067218]},"geometry":{"type":"Polygon","coordinates":[[[129.71262,62.069446],[129.713084,62.069551],[129.714134,62.07007],[129.714407,62.070066],[129.720518,62.068822],[129.721717,62.068524],[129.723794,62.068164],[129.72395,62.06817],[129.724041,62.068254],[129.724353,62.068249],[129.72689,62.067763],[129.726187,62.06694],[129.726636,62.066846],[129.72673,62.066775],[129.726671,62.066671],[129.725839,62.066122],[129.725538,62.066059],[129.725325,62.06583],[129.725016,62.065804],[129.724712,62.065568],[129.723803,62.064506],[129.721879,62.064822],[129.720297,62.064985],[129.718596,62.065043],[129.716129,62.064959],[129.715875,62.065009],[129.715571,62.06515],[129.715391,62.065714],[129.715195,62.066124],[129.714857,62.066534],[129.712514,62.068303],[129.712203,62.068591],[129.711511,62.069434],[129.712269,62.069506],[129.71262,62.069446]]]}},{"type":"Feature","properties":{"block_id":"ykt-0412","area_m2":65992,"district":"17 квартал","centroid":[129.690123,62.067453]},"geometry":{"type":"Polygon","coordinates":[[[129.687632,62.065622],[129.687605,62.065519],[129.687401,62.065459],[129.686408,62.065469],[129.686539,62.066554],[129.686591,62.06669],[129.686704,62.066824],[129.687044,62.067007],[129.689488,62.068064],[129.69333,62.069425],[129.694553,62.068516],[129.693641,62.068146],[129.692016,62.067581],[129.689661,62.066432],[129.687999,62.065829],[129.687632,62.065622]]]}},{"type":"Feature","properties":{"block_id":"ykt-0413","area_m2":341138,"district":"Авиапорт","centroid":[129.708009,62.067494]},"geometry":{"type":"Polygon","coordinates":[[[129.702623,62.066701],[129.700898,62.067022],[129.700754,62.06708],[129.700686,62.06724],[129.700583,62.067304],[129.699839,62.067568],[129.700642,62.068099],[129.701633,62.06855],[129.707348,62.070775],[129.709863,62.071523],[129.712203,62.068591],[129.713181,62.067782],[129.714627,62.066728],[129.715074,62.066302],[129.715391,62.065714],[129.71547,62.065377],[129.71543,62.065145],[129.71503,62.064887],[129.712549,62.064486],[129.711981,62.065092],[129.711914,62.065208],[129.711917,62.065442],[129.710329,62.066198],[129.710144,62.066243],[129.707975,62.065231],[129.706351,62.064276],[129.704989,62.063589],[129.704351,62.063384],[129.703269,62.063239],[129.705164,62.065955],[129.705411,62.066375],[129.704794,62.066478],[129.703984,62.066521],[129.703695,62.066667],[129.703314,62.066718],[129.702623,62.066701]]]}},{"type":"Feature","properties":{"block_id":"ykt-0414","area_m2":56702,"district":"район Бабушкина","centroid":[129.779514,62.067529]},"geometry":{"type":"Polygon","coordinates":[[[129.777331,62.065879],[129.775973,62.066362],[129.775681,62.066417],[129.777871,62.06794],[129.779043,62.068525],[129.779733,62.068764],[129.780135,62.06897],[129.780512,62.068752],[129.781048,62.068542],[129.781602,62.068616],[129.782335,62.068506],[129.782834,62.068308],[129.783002,62.068163],[129.783026,62.068081],[129.782947,62.067925],[129.782462,62.067557],[129.782606,62.067388],[129.78213,62.067077],[129.782087,62.066994],[129.782111,62.066891],[129.781941,62.066762],[129.780325,62.067411],[129.780112,62.06744],[129.77978,62.06732],[129.778812,62.066737],[129.777852,62.06625],[129.777331,62.065879]]]}},{"type":"Feature","properties":{"block_id":"ykt-0415","area_m2":413000,"district":"17 квартал","centroid":[129.698397,62.068579]},"geometry":{"type":"Polygon","coordinates":[[[129.688728,62.064926],[129.68906,62.065294],[129.689162,62.065535],[129.689258,62.065636],[129.690929,62.066075],[129.693695,62.066986],[129.695828,62.068012],[129.696016,62.068158],[129.696139,62.068358],[129.696466,62.068614],[129.697025,62.068964],[129.697222,62.068984],[129.697434,62.069088],[129.697454,62.069141],[129.697197,62.069362],[129.697222,62.069483],[129.698229,62.070189],[129.698723,62.070407],[129.698725,62.070452],[129.698561,62.070588],[129.698475,62.070846],[129.699468,62.071187],[129.699908,62.07141],[129.700909,62.072063],[129.70095,62.072224],[129.701376,62.072332],[129.703193,62.073393],[129.703225,62.073474],[129.703081,62.073689],[129.703205,62.073836],[129.703134,62.074293],[129.703181,62.074359],[129.703993,62.074785],[129.704953,62.074625],[129.706231,62.074264],[129.707889,62.073599],[129.708452,62.073219],[129.709163,62.072334],[129.708141,62.072042],[129.707778,62.072143],[129.70743,62.072113],[129.707005,62.071965],[129.706829,62.071825],[129.70688,62.071734],[129.70648,62.071509],[129.70658,62.071322],[129.705687,62.07078],[129.705894,62.070384],[129.70606,62.070278],[129.701633,62.06855],[129.700642,62.068099],[129.699839,62.067568],[129.698204,62.066272],[129.697683,62.065933],[129.697061,62.065607],[129.693649,62.064207],[129.68865,62.062346],[129.68744,62.062871],[129.686168,62.064003],[129.686239,62.064202],[129.688398,62.064749],[129.688728,62.064926]]]}},{"type":"Feature","properties":{"block_id":"ykt-0416","area_m2":15822,"district":null,"centroid":[129.685132,62.06866]},"geometry":{"type":"Polygon","coordinates":[[[129.683625,62.067721],[129.683352,62.068508],[129.686371,62.069471],[129.687316,62.069049],[129.683625,62.067721]]]}},{"type":"Feature","properties":{"block_id":"ykt-0417","area_m2":202420,"district":null,"centroid":[129.679916,62.068704]},"geometry":{"type":"Polygon","coordinates":[[[129.685724,62.064331],[129.684487,62.064804],[129.683987,62.064898],[129.683063,62.064828],[129.681904,62.066563],[129.680604,62.068633],[129.680496,62.068664],[129.678252,62.068415],[129.677289,62.068195],[129.676387,62.067916],[129.676935,62.067564],[129.676955,62.067477],[129.676868,62.067392],[129.675301,62.0668],[129.671403,62.065434],[129.671583,62.065716],[129.673417,62.067204],[129.673803,62.067626],[129.674149,62.067828],[129.674344,62.068057],[129.67694,62.070146],[129.6806,62.071855],[129.680847,62.07194],[129.681121,62.071946],[129.681492,62.071761],[129.682483,62.070754],[129.682637,62.070523],[129.68383,62.070368],[129.684656,62.070207],[129.685761,62.06979],[129.686371,62.069471],[129.683352,62.068508],[129.683625,62.067721],[129.682832,62.067505],[129.683757,62.066009],[129.684371,62.065328],[129.684611,62.065137],[129.685131,62.064928],[129.685724,62.064331]]]}},{"type":"Feature","properties":{"block_id":"ykt-0418","area_m2":35353,"district":"17 квартал","centroid":[129.696036,62.069532]},"geometry":{"type":"Polygon","coordinates":[[[129.696139,62.068358],[129.695549,62.068636],[129.694777,62.068496],[129.694553,62.068516],[129.69333,62.069425],[129.695866,62.070208],[129.698475,62.070846],[129.698561,62.070588],[129.698725,62.070452],[129.698723,62.070407],[129.698229,62.070189],[129.697222,62.069483],[129.697197,62.069362],[129.697454,62.069141],[129.697377,62.069041],[129.697025,62.068964],[129.696139,62.068358]]]}},{"type":"Feature","properties":{"block_id":"ykt-0419","area_m2":181086,"district":"Авиапорт","centroid":[129.72079,62.069582]},"geometry":{"type":"Polygon","coordinates":[[[129.730034,62.06818],[129.729536,62.067761],[129.729552,62.067541],[129.728296,62.067483],[129.724353,62.068249],[129.724041,62.068254],[129.72395,62.06817],[129.723794,62.068164],[129.721717,62.068524],[129.720518,62.068822],[129.714407,62.070066],[129.714134,62.07007],[129.712881,62.069489],[129.71262,62.069446],[129.712269,62.069506],[129.711511,62.069434],[129.710712,62.070447],[129.713994,62.071349],[129.715002,62.071452],[129.715449,62.071623],[129.716105,62.071447],[129.724422,62.069845],[129.72805,62.069311],[129.728338,62.069188],[129.730066,62.068889],[129.730536,62.068765],[129.730034,62.06818]]]}},{"type":"Feature","properties":{"block_id":"ykt-0420","area_m2":4505,"district":"Авиапорт","centroid":[129.727522,62.069698]},"geometry":{"type":"Polygon","coordinates":[[[129.726533,62.069561],[129.726567,62.069705],[129.728192,62.070167],[129.72805,62.069311],[129.726533,62.069561]]]}},{"type":"Feature","properties":{"block_id":"ykt-0421","area_m2":16010,"district":"Авиапорт","centroid":[129.729229,62.069762]},"geometry":{"type":"Polygon","coordinates":[[[129.730156,62.070751],[129.730066,62.068889],[129.728338,62.069188],[129.72805,62.069311],[129.728192,62.070167],[129.730156,62.070751]]]}},{"type":"Feature","properties":{"block_id":"ykt-0422","area_m2":101533,"district":null,"centroid":[129.694591,62.070478]},"geometry":{"type":"Polygon","coordinates":[[[129.687407,62.069011],[129.690162,62.069722],[129.691813,62.070305],[129.693,62.070608],[129.694831,62.071266],[129.697704,62.072212],[129.700419,62.07298],[129.700543,62.0727],[129.70095,62.072224],[129.700909,62.072063],[129.700587,62.071824],[129.699908,62.07141],[129.699084,62.071043],[129.698475,62.070846],[129.695866,62.070208],[129.69333,62.069425],[129.689488,62.068064],[129.687407,62.069011]]]}},{"type":"Feature","properties":{"block_id":"ykt-0423","area_m2":24427,"district":"Авиапорт","centroid":[129.723893,62.070501]},"geometry":{"type":"Polygon","coordinates":[[[129.726385,62.070924],[129.726329,62.070221],[129.72598,62.070094],[129.72506,62.070119],[129.724895,62.070052],[129.724791,62.06982],[129.724422,62.069845],[129.72082,62.070534],[129.720951,62.070687],[129.720933,62.070894],[129.726385,62.070924]]]}},{"type":"Feature","properties":{"block_id":"ykt-0424","area_m2":4919,"district":"Авиапорт","centroid":[129.706416,62.070773]},"geometry":{"type":"Polygon","coordinates":[[[129.70606,62.070278],[129.705894,62.070384],[129.705687,62.07078],[129.70658,62.071322],[129.706914,62.070973],[129.707348,62.070775],[129.70606,62.070278]]]}},{"type":"Feature","properties":{"block_id":"ykt-0425","area_m2":64686,"district":null,"centroid":[129.691934,62.070834]},"geometry":{"type":"Polygon","coordinates":[[[129.700541,62.073025],[129.697704,62.072212],[129.694831,62.071266],[129.693,62.070608],[129.691813,62.070305],[129.690162,62.069722],[129.687407,62.069011],[129.685761,62.06979],[129.690854,62.071054],[129.70065,62.073296],[129.700635,62.073141],[129.700541,62.073025]]]}},{"type":"Feature","properties":{"block_id":"ykt-0426","area_m2":7497,"district":"Авиапорт","centroid":[129.712224,62.071043]},"geometry":{"type":"Polygon","coordinates":[[[129.714219,62.071385],[129.710712,62.070447],[129.710451,62.070778],[129.713364,62.071542],[129.713645,62.071569],[129.714219,62.071385]]]}},{"type":"Feature","properties":{"block_id":"ykt-0427","area_m2":35627,"district":"Авиапорт","centroid":[129.727203,62.071108]},"geometry":{"type":"Polygon","coordinates":[[[129.726479,62.072605],[129.728569,62.072547],[129.728429,62.070561],[129.728376,62.070462],[129.728273,62.070391],[129.728192,62.070167],[129.726567,62.069705],[129.726533,62.069561],[129.72582,62.069624],[129.724791,62.06982],[129.724895,62.070052],[129.72506,62.070119],[129.72598,62.070094],[129.726329,62.070221],[129.726479,62.072605]]]}},{"type":"Feature","properties":{"block_id":"ykt-0428","area_m2":17457,"district":"Авиапорт","centroid":[129.722591,62.071362]},"geometry":{"type":"Polygon","coordinates":[[[129.724346,62.071816],[129.724234,62.070941],[129.720933,62.070894],[129.720801,62.071644],[129.72156,62.071808],[129.724346,62.071816]]]}},{"type":"Feature","properties":{"block_id":"ykt-0429","area_m2":20784,"district":"Авиапорт","centroid":[129.729312,62.071495]},"geometry":{"type":"Polygon","coordinates":[[[129.728569,62.072547],[129.730328,62.072511],[129.730156,62.070751],[129.728192,62.070167],[129.728273,62.070391],[129.728429,62.070561],[129.728569,62.072547]]]}},{"type":"Feature","properties":{"block_id":"ykt-0430","area_m2":17704,"district":"Авиапорт","centroid":[129.708086,62.071571]},"geometry":{"type":"Polygon","coordinates":[[[129.70658,62.071322],[129.70648,62.071509],[129.70688,62.071734],[129.706829,62.071825],[129.707005,62.071965],[129.70743,62.072113],[129.707778,62.072143],[129.708141,62.072042],[129.709163,62.072334],[129.709863,62.071523],[129.707348,62.070775],[129.706914,62.070973],[129.70658,62.071322]]]}},{"type":"Feature","properties":{"block_id":"ykt-0431","area_m2":19012,"district":"Авиапорт","centroid":[129.711831,62.071595]},"geometry":{"type":"Polygon","coordinates":[[[129.709863,62.071523],[129.711853,62.072279],[129.713822,62.071908],[129.714404,62.071891],[129.714203,62.071689],[129.71383,62.071514],[129.713645,62.071569],[129.713364,62.071542],[129.710451,62.070778],[129.709863,62.071523]]]}},{"type":"Feature","properties":{"block_id":"ykt-0432","area_m2":2609,"district":"Авиапорт","centroid":[129.714611,62.071611]},"geometry":{"type":"Polygon","coordinates":[[[129.714404,62.071891],[129.714645,62.071864],[129.715449,62.071623],[129.715002,62.071452],[129.714219,62.071385],[129.71383,62.071514],[129.714203,62.071689],[129.714404,62.071891]]]}},{"type":"Feature","properties":{"block_id":"ykt-0433","area_m2":22172,"district":null,"centroid":[129.685736,62.071691]},"geometry":{"type":"Polygon","coordinates":[[[129.687238,62.072983],[129.68707,62.071383],[129.685981,62.071141],[129.685101,62.070825],[129.684731,62.070752],[129.684092,62.07078],[129.684121,62.070855],[129.68408,62.071],[129.683855,62.071245],[129.683871,62.071331],[129.68423,62.071498],[129.684453,62.071737],[129.684634,62.071827],[129.687238,62.072983]]]}},{"type":"Feature","properties":{"block_id":"ykt-0434","area_m2":15124,"district":"Авиапорт","centroid":[129.731075,62.071743]},"geometry":{"type":"Polygon","coordinates":[[[129.730328,62.072511],[129.73204,62.072485],[129.731995,62.071279],[129.730156,62.070751],[129.730328,62.072511]]]}},{"type":"Feature","properties":{"block_id":"ykt-0435","area_m2":20945,"district":"Авиапорт","centroid":[129.725372,62.071782]},"geometry":{"type":"Polygon","coordinates":[[[129.724414,62.072678],[129.726479,62.072605],[129.726385,62.070924],[129.724234,62.070941],[129.724414,62.072678]]]}},{"type":"Feature","properties":{"block_id":"ykt-0436","area_m2":52279,"district":"Авиапорт","centroid":[129.716869,62.071856]},"geometry":{"type":"Polygon","coordinates":[[[129.711853,62.072279],[129.713726,62.073007],[129.714046,62.072884],[129.715029,62.072848],[129.720801,62.071644],[129.720951,62.070687],[129.72082,62.070534],[129.716105,62.071447],[129.714645,62.071864],[129.713822,62.071908],[129.711853,62.072279]]]}},{"type":"Feature","properties":{"block_id":"ykt-0437","area_m2":23142,"district":null,"centroid":[129.741728,62.072001]},"geometry":{"type":"Polygon","coordinates":[[[129.741998,62.0808],[129.742062,62.071101],[129.741268,62.064184],[129.741342,62.06389],[129.741618,62.063578],[129.741234,62.063677],[129.741012,62.063684],[129.740605,62.063606],[129.740923,62.063862],[129.741042,62.06412],[129.741328,62.066788],[129.741647,62.069167],[129.741829,62.071105],[129.741773,62.080799],[129.741998,62.0808]]]}},{"type":"Feature","properties":{"block_id":"ykt-0438","area_m2":14745,"district":"Авиапорт","centroid":[129.733419,62.072083]},"geometry":{"type":"Polygon","coordinates":[[[129.73204,62.072485],[129.736084,62.072494],[129.735495,62.072269],[129.731995,62.071279],[129.73204,62.072485]]]}},{"type":"Feature","properties":{"block_id":"ykt-0439","area_m2":95309,"district":null,"centroid":[129.693377,62.072123]},"geometry":{"type":"Polygon","coordinates":[[[129.685761,62.06979],[129.684656,62.070207],[129.68383,62.070368],[129.682637,62.070523],[129.682483,62.070754],[129.684731,62.070752],[129.685466,62.070933],[129.686227,62.071209],[129.68707,62.071383],[129.687823,62.071382],[129.689605,62.071565],[129.691804,62.071906],[129.695398,62.07273],[129.696428,62.072944],[129.69745,62.073091],[129.699157,62.073631],[129.70248,62.075071],[129.703993,62.074785],[129.703181,62.074359],[129.703118,62.074216],[129.703177,62.073898],[129.690854,62.071054],[129.685761,62.06979]]]}},{"type":"Feature","properties":{"block_id":"ykt-0440","area_m2":14720,"district":"Авиапорт","centroid":[129.720236,62.072238]},"geometry":{"type":"Polygon","coordinates":[[[129.71772,62.072299],[129.720827,62.072758],[129.721664,62.07274],[129.72156,62.071808],[129.720801,62.071644],[129.71772,62.072299]]]}},{"type":"Feature","properties":{"block_id":"ykt-0441","area_m2":14424,"district":"Авиапорт","centroid":[129.722978,62.07226]},"geometry":{"type":"Polygon","coordinates":[[[129.721664,62.07274],[129.724414,62.072678],[129.724346,62.071816],[129.72156,62.071808],[129.721664,62.07274]]]}},{"type":"Feature","properties":{"block_id":"ykt-0442","area_m2":22402,"district":null,"centroid":[129.688229,62.072378]},"geometry":{"type":"Polygon","coordinates":[[[129.687238,62.072983],[129.688674,62.073516],[129.689355,62.073272],[129.689382,62.073126],[129.689097,62.071631],[129.688998,62.071506],[129.687823,62.071382],[129.68707,62.071383],[129.687238,62.072983]]]}},{"type":"Feature","properties":{"block_id":"ykt-0443","area_m2":114997,"district":"Авиапорт","centroid":[129.739677,62.072453]},"geometry":{"type":"Polygon","coordinates":[[[129.741826,62.074084],[129.741847,62.07148],[129.741647,62.069167],[129.740505,62.069257],[129.740381,62.069664],[129.740215,62.069976],[129.739088,62.070847],[129.7386,62.071028],[129.738236,62.071239],[129.738096,62.071554],[129.737876,62.071734],[129.737039,62.071822],[129.736905,62.071883],[129.736851,62.072096],[129.736851,62.072973],[129.736991,62.073265],[129.737055,62.073574],[129.737281,62.07391],[129.737366,62.074212],[129.737297,62.074749],[129.740891,62.074826],[129.740891,62.074076],[129.741826,62.074084]]]}},{"type":"Feature","properties":{"block_id":"ykt-0444","area_m2":28270,"district":"Авиапорт","centroid":[129.718946,62.072968]},"geometry":{"type":"Polygon","coordinates":[[[129.721664,62.07274],[129.720827,62.072758],[129.71772,62.072299],[129.715029,62.072848],[129.720486,62.073625],[129.721759,62.07359],[129.721664,62.07274]]]}},{"type":"Feature","properties":{"block_id":"ykt-0445","area_m2":13440,"district":"Район Кржижановского","centroid":[129.701739,62.073089]},"geometry":{"type":"Polygon","coordinates":[[[129.701376,62.072332],[129.70095,62.072224],[129.700543,62.0727],[129.700419,62.07298],[129.700541,62.073025],[129.700635,62.073141],[129.70065,62.073296],[129.703177,62.073898],[129.703205,62.073836],[129.703081,62.073689],[129.703225,62.073474],[129.703193,62.073393],[129.701376,62.072332]]]}},{"type":"Feature","properties":{"block_id":"ykt-0446","area_m2":13574,"district":"Авиапорт","centroid":[129.723083,62.073134]},"geometry":{"type":"Polygon","coordinates":[[[129.724414,62.072678],[129.721664,62.07274],[129.721759,62.07359],[129.724493,62.07353],[129.724414,62.072678]]]}},{"type":"Feature","properties":{"block_id":"ykt-0447","area_m2":109152,"district":"Авиапорт","centroid":[129.730488,62.073325]},"geometry":{"type":"Polygon","coordinates":[[[129.73204,62.072485],[129.724414,62.072678],[129.724561,62.074181],[129.72561,62.074249],[129.725924,62.074185],[129.729714,62.074163],[129.731356,62.074045],[129.734157,62.074031],[129.736695,62.073939],[129.736543,62.072616],[129.736084,62.072494],[129.73204,62.072485]]]}},{"type":"Feature","properties":{"block_id":"ykt-0448","area_m2":16733,"district":"Авиапорт","centroid":[129.716437,62.073365]},"geometry":{"type":"Polygon","coordinates":[[[129.713726,62.073007],[129.715739,62.073733],[129.715995,62.073692],[129.717467,62.073852],[129.718272,62.073799],[129.718841,62.073658],[129.719192,62.073441],[129.715029,62.072848],[129.714046,62.072884],[129.713726,62.073007]]]}},{"type":"Feature","properties":{"block_id":"ykt-0449","area_m2":804,"district":"Авиапорт","centroid":[129.721343,62.073674]},"geometry":{"type":"Polygon","coordinates":[[[129.720486,62.073625],[129.721783,62.073807],[129.721759,62.07359],[129.720486,62.073625]]]}},{"type":"Feature","properties":{"block_id":"ykt-0450","area_m2":7280,"district":"Авиапорт","centroid":[129.723427,62.073813]},"geometry":{"type":"Polygon","coordinates":[[[129.724561,62.074181],[129.724493,62.07353],[129.721759,62.07359],[129.721783,62.073807],[129.724008,62.074109],[129.724149,62.074171],[129.724299,62.074357],[129.724437,62.07436],[129.724561,62.074181]]]}},{"type":"Feature","properties":{"block_id":"ykt-0451","area_m2":77279,"district":"Авиапорт","centroid":[129.7145,62.073904]},"geometry":{"type":"Polygon","coordinates":[[[129.72162,62.076456],[129.720859,62.075912],[129.719826,62.075372],[129.715739,62.073733],[129.709863,62.071523],[129.708812,62.072767],[129.709786,62.072885],[129.710167,62.073071],[129.715068,62.074766],[129.715628,62.074901],[129.715871,62.07491],[129.717113,62.075269],[129.71793,62.075367],[129.718691,62.075614],[129.719757,62.07621],[129.720405,62.076462],[129.721057,62.076562],[129.72162,62.076456]]]}},{"type":"Feature","properties":{"block_id":"ykt-0452","area_m2":224537,"district":"Район Кржижановского","centroid":[129.694942,62.074388]},"geometry":{"type":"Polygon","coordinates":[[[129.688674,62.073516],[129.68979,62.073958],[129.690744,62.074473],[129.691757,62.075091],[129.694479,62.077157],[129.694773,62.077288],[129.697439,62.076719],[129.699966,62.075654],[129.700385,62.075521],[129.70248,62.075071],[129.699157,62.073631],[129.69745,62.073091],[129.696428,62.072944],[129.695398,62.07273],[129.691804,62.071906],[129.689605,62.071565],[129.689097,62.071631],[129.689382,62.073126],[129.689355,62.073272],[129.688674,62.073516]]]}},{"type":"Feature","properties":{"block_id":"ykt-0453","area_m2":218861,"district":null,"centroid":[129.687574,62.07472]},"geometry":{"type":"Polygon","coordinates":[[[129.681121,62.071946],[129.681781,62.072784],[129.68371,62.074305],[129.685106,62.075318],[129.686912,62.076335],[129.687457,62.076447],[129.687874,62.076614],[129.688223,62.076858],[129.688462,62.077097],[129.68864,62.077464],[129.689083,62.077863],[129.689596,62.078136],[129.694773,62.077288],[129.694479,62.077157],[129.691757,62.075091],[129.690744,62.074473],[129.68979,62.073958],[129.687238,62.072983],[129.684453,62.071737],[129.684314,62.071558],[129.683839,62.071285],[129.68408,62.071],[129.684121,62.070855],[129.684092,62.07078],[129.682483,62.070754],[129.681492,62.071761],[129.681121,62.071946]]]}},{"type":"Feature","properties":{"block_id":"ykt-0454","area_m2":100194,"district":"Район Кржижановского","centroid":[129.721672,62.075219]},"geometry":{"type":"Polygon","coordinates":[[[129.723026,62.077683],[129.724671,62.077642],[129.724484,62.075572],[129.724437,62.07436],[129.72425,62.074327],[129.724149,62.074171],[129.724008,62.074109],[129.719192,62.073441],[129.718841,62.073658],[129.718272,62.073799],[129.717467,62.073852],[129.715995,62.073692],[129.715739,62.073733],[129.719826,62.075372],[129.72045,62.075671],[129.721268,62.07618],[129.723026,62.077683]]]}},{"type":"Feature","properties":{"block_id":"ykt-0455","area_m2":111145,"district":"Район Кржижановского","centroid":[129.703526,62.077214]},"geometry":{"type":"Polygon","coordinates":[[[129.708511,62.078586],[129.703901,62.075756],[129.702614,62.075043],[129.700385,62.075521],[129.699021,62.076048],[129.699821,62.076523],[129.700264,62.076901],[129.700775,62.077456],[129.701502,62.078019],[129.702097,62.07842],[129.702658,62.078677],[129.703428,62.078704],[129.705647,62.079134],[129.705935,62.078921],[129.706052,62.078892],[129.707438,62.07889],[129.707714,62.078848],[129.708511,62.078586]]]}},{"type":"Feature","properties":{"block_id":"ykt-0456","area_m2":41276,"district":"Район Кржижановского","centroid":[129.699128,62.077564]},"geometry":{"type":"Polygon","coordinates":[[[129.699807,62.079083],[129.700003,62.078789],[129.70015,62.078655],[129.701222,62.077815],[129.700775,62.077456],[129.700264,62.076901],[129.699821,62.076523],[129.699021,62.076048],[129.697809,62.076588],[129.69716,62.076787],[129.697203,62.077076],[129.697325,62.077391],[129.698282,62.078438],[129.699018,62.079018],[129.69917,62.079063],[129.699807,62.079083]]]}},{"type":"Feature","properties":{"block_id":"ykt-0457","area_m2":7112,"district":"Район Кржижановского","centroid":[129.712649,62.078173]},"geometry":{"type":"Polygon","coordinates":[[[129.711423,62.078025],[129.712018,62.078395],[129.711982,62.078486],[129.712791,62.078528],[129.713094,62.078453],[129.713729,62.078427],[129.714302,62.07831],[129.712892,62.07793],[129.712265,62.077811],[129.712011,62.077671],[129.711423,62.078025]]]}},{"type":"Feature","properties":{"block_id":"ykt-0458","area_m2":37683,"district":"Район Кржижановского","centroid":[129.7326,62.07852]},"geometry":{"type":"Polygon","coordinates":[[[129.734171,62.077621],[129.732641,62.077432],[129.73099,62.077463],[129.731137,62.079583],[129.732819,62.079577],[129.734311,62.079461],[129.734128,62.078022],[129.734171,62.077621]]]}},{"type":"Feature","properties":{"block_id":"ykt-0459","area_m2":5130,"district":"Район Кржижановского","centroid":[129.714338,62.078624]},"geometry":{"type":"Polygon","coordinates":[[[129.712791,62.078528],[129.714061,62.078809],[129.714723,62.078901],[129.71562,62.078858],[129.715549,62.07875],[129.715223,62.078575],[129.714302,62.07831],[129.713729,62.078427],[129.713094,62.078453],[129.712791,62.078528]]]}},{"type":"Feature","properties":{"block_id":"ykt-0460","area_m2":34100,"district":"Район Кржижановского","centroid":[129.72337,62.078784]},"geometry":{"type":"Polygon","coordinates":[[[129.724593,62.079162],[129.722026,62.076802],[129.721125,62.076992],[129.721051,62.077052],[129.721105,62.077247],[129.721204,62.077385],[129.722356,62.078556],[129.722822,62.079367],[129.723039,62.079608],[129.723498,62.079983],[129.725551,62.08054],[129.726116,62.080419],[129.724593,62.079162]]]}},{"type":"Feature","properties":{"block_id":"ykt-0461","area_m2":105115,"district":null,"centroid":[129.738062,62.07886]},"geometry":{"type":"Polygon","coordinates":[[[129.734171,62.077621],[129.734128,62.078022],[129.734311,62.079461],[129.73455,62.07989],[129.734765,62.080005],[129.735353,62.080059],[129.738384,62.080123],[129.738862,62.080184],[129.739601,62.080053],[129.741803,62.080031],[129.741799,62.077595],[129.735691,62.077736],[129.734171,62.077621]]]}},{"type":"Feature","properties":{"block_id":"ykt-0462","area_m2":6877,"district":"Район Кржижановского","centroid":[129.717508,62.078883]},"geometry":{"type":"Polygon","coordinates":[[[129.716473,62.079102],[129.717048,62.079629],[129.717796,62.079104],[129.718314,62.078641],[129.718567,62.078474],[129.717851,62.078137],[129.71743,62.078639],[129.716473,62.079102]]]}},{"type":"Feature","properties":{"block_id":"ykt-0463","area_m2":4273,"district":"Район Кржижановского","centroid":[129.711761,62.078955]},"geometry":{"type":"Polygon","coordinates":[[[129.711036,62.078603],[129.711475,62.079156],[129.711821,62.079479],[129.7124,62.079321],[129.711986,62.078606],[129.711982,62.078486],[129.711036,62.078603]]]}},{"type":"Feature","properties":{"block_id":"ykt-0464","area_m2":25316,"district":null,"centroid":[129.687855,62.079054]},"geometry":{"type":"Polygon","coordinates":[[[129.689596,62.078136],[129.685677,62.078869],[129.685686,62.079111],[129.68595,62.079294],[129.687286,62.080008],[129.688985,62.079475],[129.68962,62.079071],[129.689705,62.078437],[129.689596,62.078136]]]}},{"type":"Feature","properties":{"block_id":"ykt-0465","area_m2":142997,"district":"Район Кржижановского","centroid":[129.728124,62.079393]},"geometry":{"type":"Polygon","coordinates":[[[129.73099,62.077463],[129.723315,62.077665],[129.723026,62.077683],[129.724593,62.079162],[129.726116,62.080419],[129.72662,62.08074],[129.728466,62.081684],[129.728799,62.081939],[129.731364,62.081873],[129.73129,62.081423],[129.73099,62.077463]]]}},{"type":"Feature","properties":{"block_id":"ykt-0466","area_m2":231559,"district":"Район Кржижановского","centroid":[129.712512,62.079841]},"geometry":{"type":"Polygon","coordinates":[[[129.705148,62.075031],[129.704953,62.074625],[129.702614,62.075043],[129.703901,62.075756],[129.708511,62.078586],[129.708842,62.078896],[129.709664,62.079923],[129.710231,62.080455],[129.70991,62.080606],[129.70991,62.080687],[129.710487,62.081308],[129.710799,62.081502],[129.711969,62.08249],[129.71239,62.082601],[129.713387,62.082555],[129.714055,62.082645],[129.716371,62.082741],[129.718928,62.082946],[129.719792,62.082886],[129.719261,62.082594],[129.71917,62.081878],[129.719012,62.081457],[129.718265,62.080828],[129.717816,62.080306],[129.716473,62.079102],[129.715761,62.078872],[129.714723,62.078901],[129.713779,62.078754],[129.712981,62.078549],[129.711982,62.078486],[129.711986,62.078606],[129.7124,62.079321],[129.711821,62.079479],[129.711475,62.079156],[129.711036,62.078603],[129.708356,62.077081],[129.707755,62.076659],[129.706178,62.075719],[129.705148,62.075031]]]}},{"type":"Feature","properties":{"block_id":"ykt-0467","area_m2":12035,"district":"ГОМ №2","centroid":[129.740399,62.080418]},"geometry":{"type":"Polygon","coordinates":[[[129.738862,62.080184],[129.738911,62.080234],[129.738888,62.080594],[129.739052,62.080736],[129.739181,62.080771],[129.741773,62.080799],[129.741803,62.080031],[129.739601,62.080053],[129.738862,62.080184]]]}},{"type":"Feature","properties":{"block_id":"ykt-0468","area_m2":161745,"district":"ГОМ №2","centroid":[129.736487,62.081443]},"geometry":{"type":"Polygon","coordinates":[[[129.731364,62.081873],[129.733419,62.081842],[129.733703,62.081883],[129.734415,62.08184],[129.733847,62.082021],[129.733897,62.08213],[129.733943,62.082833],[129.734,62.082941],[129.734178,62.083026],[129.739282,62.083069],[129.741755,62.083188],[129.741773,62.080799],[129.739181,62.080771],[129.739052,62.080736],[129.738888,62.080594],[129.738911,62.080234],[129.738862,62.080184],[129.738633,62.080136],[129.734964,62.080046],[129.734765,62.080005],[129.73455,62.07989],[129.734311,62.079461],[129.732819,62.079577],[129.731137,62.079583],[129.731364,62.081873]]]}},{"type":"Feature","properties":{"block_id":"ykt-0469","area_m2":164677,"district":"Район Кржижановского","centroid":[129.709258,62.081909]},"geometry":{"type":"Polygon","coordinates":[[[129.710231,62.080455],[129.709664,62.079923],[129.708842,62.078896],[129.708511,62.078586],[129.707714,62.078848],[129.707438,62.07889],[129.706052,62.078892],[129.705935,62.078921],[129.705647,62.079134],[129.703428,62.078704],[129.702658,62.078677],[129.702847,62.078872],[129.70299,62.079158],[129.705094,62.080404],[129.706331,62.081324],[129.7069,62.081611],[129.708262,62.082139],[129.709177,62.082734],[129.709445,62.083029],[129.709846,62.083779],[129.709805,62.083909],[129.709524,62.084068],[129.709481,62.084184],[129.710108,62.084515],[129.71205,62.086056],[129.713311,62.085746],[129.713707,62.085407],[129.713863,62.085043],[129.714015,62.084869],[129.714013,62.084249],[129.713953,62.084108],[129.71358,62.083735],[129.713156,62.083441],[129.712522,62.082827],[129.712403,62.082689],[129.71239,62.082601],[129.711969,62.08249],[129.710799,62.081502],[129.710487,62.081308],[129.70991,62.080687],[129.70991,62.080606],[129.710231,62.080455]]]}},{"type":"Feature","properties":{"block_id":"ykt-0470","area_m2":3118,"district":"ГОМ №2","centroid":[129.741876,62.081994]},"geometry":{"type":"Polygon","coordinates":[[[129.741755,62.083188],[129.74198,62.083188],[129.741998,62.0808],[129.741773,62.080799],[129.741755,62.083188]]]}},{"type":"Feature","properties":{"block_id":"ykt-0471","area_m2":60126,"district":"Район Кржижановского","centroid":[129.706707,62.082236]},"geometry":{"type":"Polygon","coordinates":[[[129.709481,62.084184],[129.709524,62.084068],[129.709805,62.083909],[129.709846,62.083779],[129.709445,62.083029],[129.709177,62.082734],[129.708262,62.082139],[129.7069,62.081611],[129.706331,62.081324],[129.705094,62.080404],[129.70299,62.079158],[129.703002,62.079374],[129.703114,62.079602],[129.703726,62.080287],[129.703798,62.080642],[129.703934,62.080949],[129.705293,62.082023],[129.706067,62.083004],[129.706997,62.083594],[129.707787,62.084297],[129.708776,62.084108],[129.709481,62.084184]]]}},{"type":"Feature","properties":{"block_id":"ykt-0472","area_m2":305465,"district":"Район Кржижановского","centroid":[129.70349,62.082481]},"geometry":{"type":"Polygon","coordinates":[[[129.701222,62.077815],[129.70015,62.078655],[129.700003,62.078789],[129.699807,62.079083],[129.69917,62.079063],[129.6989,62.07894],[129.698282,62.078438],[129.697413,62.077492],[129.697257,62.077271],[129.69716,62.076787],[129.694773,62.077288],[129.694966,62.077381],[129.695426,62.07797],[129.697149,62.079439],[129.697714,62.079861],[129.698185,62.080097],[129.699311,62.081376],[129.700626,62.082552],[129.70218,62.084266],[129.704871,62.08614],[129.705518,62.086351],[129.70597,62.08667],[129.706663,62.086891],[129.708533,62.087057],[129.709205,62.086917],[129.71205,62.086056],[129.710329,62.084677],[129.709942,62.084417],[129.709481,62.084184],[129.70893,62.084105],[129.707787,62.084297],[129.706997,62.083594],[129.706067,62.083004],[129.705293,62.082023],[129.703934,62.080949],[129.703798,62.080642],[129.703726,62.080287],[129.703038,62.079482],[129.70299,62.079158],[129.702776,62.078772],[129.702658,62.078677],[129.702097,62.07842],[129.701222,62.077815]]]}},{"type":"Feature","properties":{"block_id":"ykt-0473","area_m2":20061,"district":"Район Кржижановского","centroid":[129.721764,62.082627]},"geometry":{"type":"Polygon","coordinates":[[[129.724165,62.082475],[129.724086,62.082408],[129.723916,62.082372],[129.71921,62.082149],[129.719261,62.082594],[129.719792,62.082886],[129.720997,62.082923],[129.723947,62.083173],[129.724163,62.082589],[129.724165,62.082475]]]}},{"type":"Feature","properties":{"block_id":"ykt-0474","area_m2":25727,"district":"Район Кржижановского","centroid":[129.714447,62.083335]},"geometry":{"type":"Polygon","coordinates":[[[129.714015,62.084869],[129.716128,62.083273],[129.716405,62.082982],[129.716537,62.082753],[129.714055,62.082645],[129.713387,62.082555],[129.71239,62.082601],[129.712403,62.082689],[129.712522,62.082827],[129.713156,62.083441],[129.71358,62.083735],[129.713953,62.084108],[129.714013,62.084249],[129.714015,62.084869]]]}},{"type":"Feature","properties":{"block_id":"ykt-0475","area_m2":25261,"district":"Район Кржижановского","centroid":[129.721161,62.083384]},"geometry":{"type":"Polygon","coordinates":[[[129.718658,62.082917],[129.718521,62.08302],[129.718293,62.083356],[129.718233,62.083516],[129.718297,62.083591],[129.718448,62.083638],[129.719019,62.083641],[129.723706,62.083951],[129.723947,62.083173],[129.720997,62.082923],[129.720037,62.082881],[129.719177,62.082951],[129.718658,62.082917]]]}},{"type":"Feature","properties":{"block_id":"ykt-0476","area_m2":13130,"district":"Район Кржижановского","centroid":[129.724477,62.083959]},"geometry":{"type":"Polygon","coordinates":[[[129.723545,62.084664],[129.724787,62.084772],[129.725166,62.084254],[129.725429,62.083485],[129.725699,62.083338],[129.723947,62.083173],[129.723588,62.08434],[129.723545,62.084664]]]}},{"type":"Feature","properties":{"block_id":"ykt-0477","area_m2":4874,"district":"Район Кржижановского","centroid":[129.728489,62.084098]},"geometry":{"type":"Polygon","coordinates":[[[129.728348,62.083494],[129.728036,62.084314],[129.728008,62.084569],[129.728089,62.08469],[129.728408,62.084724],[129.728632,62.08464],[129.728695,62.084541],[129.728905,62.084045],[129.728955,62.083498],[129.728348,62.083494]]]}},{"type":"Feature","properties":{"block_id":"ykt-0478","area_m2":21953,"district":null,"centroid":[129.694533,62.084155]},"geometry":{"type":"Polygon","coordinates":[[[129.691909,62.083186],[129.692461,62.083451],[129.692736,62.083661],[129.69293,62.083891],[129.695262,62.085111],[129.695679,62.085143],[129.696554,62.084947],[129.696541,62.084825],[129.696611,62.084605],[129.696346,62.084373],[129.695942,62.084172],[129.694635,62.08372],[129.693426,62.083237],[129.69284,62.083116],[129.691909,62.083186]]]}},{"type":"Feature","properties":{"block_id":"ykt-0479","area_m2":184489,"district":"ГОМ №2","centroid":[129.736627,62.084221]},"geometry":{"type":"Polygon","coordinates":[[[129.728955,62.083498],[129.731191,62.083503],[129.73198,62.083563],[129.735196,62.084249],[129.735704,62.08447],[129.735996,62.084724],[129.736089,62.084887],[129.736135,62.085134],[129.736051,62.085784],[129.73615,62.0861],[129.736499,62.086409],[129.737074,62.086638],[129.737404,62.086712],[129.738195,62.086782],[129.741024,62.086828],[129.741732,62.086793],[129.741755,62.083188],[129.739282,62.083069],[129.734178,62.083026],[129.734,62.082941],[129.733943,62.082833],[129.73388,62.082079],[129.733773,62.081924],[129.733617,62.081859],[129.729104,62.08192],[129.728799,62.081939],[129.728905,62.082233],[129.728955,62.083498]]]}},{"type":"Feature","properties":{"block_id":"ykt-0480","area_m2":3288,"district":"ГОМ №2","centroid":[129.741857,62.084448]},"geometry":{"type":"Polygon","coordinates":[[[129.74196,62.085708],[129.74198,62.083188],[129.741755,62.083188],[129.741735,62.085706],[129.74196,62.085708]]]}},{"type":"Feature","properties":{"block_id":"ykt-0481","area_m2":99500,"district":"Район Кржижановского","centroid":[129.716837,62.084867]},"geometry":{"type":"Polygon","coordinates":[[[129.713593,62.087241],[129.715566,62.086615],[129.717386,62.086312],[129.717033,62.085902],[129.716962,62.085696],[129.716975,62.085486],[129.717065,62.085284],[129.718167,62.084222],[129.718289,62.084171],[129.718499,62.084128],[129.719528,62.084187],[129.719795,62.084309],[129.719936,62.084488],[129.723545,62.084664],[129.723706,62.083951],[129.719019,62.083641],[129.718448,62.083638],[129.718297,62.083591],[129.718233,62.083516],[129.718372,62.083221],[129.718658,62.082917],[129.716537,62.082753],[129.716405,62.082982],[129.716128,62.083273],[129.714015,62.084869],[129.713863,62.085043],[129.713707,62.085407],[129.713463,62.085647],[129.713182,62.085799],[129.71205,62.086056],[129.713593,62.087241]]]}},{"type":"Feature","properties":{"block_id":"ykt-0482","area_m2":18855,"district":"Район Кржижановского","centroid":[129.722269,62.084956]},"geometry":{"type":"Polygon","coordinates":[[[129.720026,62.085189],[129.724255,62.085439],[129.724787,62.084772],[129.723545,62.084664],[129.719936,62.084488],[129.720026,62.085189]]]}},{"type":"Feature","properties":{"block_id":"ykt-0483","area_m2":33568,"district":"Район Кржижановского","centroid":[129.718607,62.085369]},"geometry":{"type":"Polygon","coordinates":[[[129.717033,62.085902],[129.717765,62.086685],[129.718217,62.086601],[129.718908,62.086228],[129.719257,62.086204],[129.71994,62.086284],[129.720081,62.08594],[129.719936,62.084488],[129.719678,62.084229],[129.719342,62.084158],[129.718499,62.084128],[129.718167,62.084222],[129.717065,62.085284],[129.716975,62.085486],[129.716962,62.085696],[129.717033,62.085902]]]}},{"type":"Feature","properties":{"block_id":"ykt-0484","area_m2":17303,"district":"Район Кржижановского","centroid":[129.722053,62.085673]},"geometry":{"type":"Polygon","coordinates":[[[129.724255,62.085439],[129.723529,62.085394],[129.720026,62.085189],[129.720081,62.08594],[129.72385,62.086157],[129.724255,62.085439]]]}},{"type":"Feature","properties":{"block_id":"ykt-0485","area_m2":1347,"district":"ГОМ №2","centroid":[129.741839,62.086237]},"geometry":{"type":"Polygon","coordinates":[[[129.741735,62.085706],[129.741728,62.086562],[129.741732,62.086793],[129.741934,62.086774],[129.74196,62.085708],[129.741735,62.085706]]]}},{"type":"Feature","properties":{"block_id":"ykt-0486","area_m2":8515,"district":"Район Кржижановского","centroid":[129.721942,62.086243]},"geometry":{"type":"Polygon","coordinates":[[[129.720081,62.08594],[129.71994,62.086284],[129.723646,62.086575],[129.72385,62.086157],[129.720081,62.08594]]]}},{"type":"Feature","properties":{"block_id":"ykt-0487","area_m2":23174,"district":"ГОМ №2","centroid":[129.743884,62.086254]},"geometry":{"type":"Polygon","coordinates":[[[129.74588,62.085774],[129.74196,62.085708],[129.741934,62.086774],[129.742352,62.086741],[129.745767,62.086803],[129.74588,62.085774]]]}},{"type":"Feature","properties":{"block_id":"ykt-0488","area_m2":20602,"district":"ГОМ №2","centroid":[129.747551,62.086327]},"geometry":{"type":"Polygon","coordinates":[[[129.745767,62.086803],[129.749205,62.086867],[129.749221,62.086713],[129.749351,62.086546],[129.749372,62.086221],[129.749369,62.08614],[129.749226,62.085975],[129.748914,62.085837],[129.74588,62.085774],[129.745767,62.086803]]]}},{"type":"Feature","properties":{"block_id":"ykt-0489","area_m2":15285,"district":"Район Кржижановского","centroid":[129.715565,62.087044]},"geometry":{"type":"Polygon","coordinates":[[[129.717386,62.086312],[129.715566,62.086615],[129.713593,62.087241],[129.714379,62.087897],[129.716894,62.086934],[129.717765,62.086685],[129.717386,62.086312]]]}},{"type":"Feature","properties":{"block_id":"ykt-0490","area_m2":28382,"district":"ГОМ №2","centroid":[129.74384,62.087414]},"geometry":{"type":"Polygon","coordinates":[[[129.741934,62.086774],[129.74195,62.088023],[129.745686,62.088102],[129.745767,62.086803],[129.742352,62.086741],[129.741934,62.086774]]]}},{"type":"Feature","properties":{"block_id":"ykt-0491","area_m2":85916,"district":"Район Кржижановского","centroid":[129.717967,62.087651]},"geometry":{"type":"Polygon","coordinates":[[[129.718273,62.087906],[129.719051,62.087668],[129.719422,62.087622],[129.721194,62.087704],[129.72199,62.087866],[129.722861,62.087725],[129.723063,62.087607],[129.723181,62.087462],[129.723646,62.086575],[129.722745,62.086481],[129.720427,62.086347],[129.719257,62.086204],[129.718908,62.086228],[129.718217,62.086601],[129.717419,62.086771],[129.716894,62.086934],[129.714379,62.087897],[129.712935,62.088536],[129.71251,62.088799],[129.712424,62.088897],[129.712302,62.089311],[129.713422,62.089543],[129.716746,62.088613],[129.718273,62.087906]]]}},{"type":"Feature","properties":{"block_id":"ykt-0492","area_m2":6164,"district":"ГОМ №2","centroid":[129.728339,62.087766]},"geometry":{"type":"Polygon","coordinates":[[[129.727756,62.08736],[129.727647,62.087619],[129.727445,62.087731],[129.72796,62.08791],[129.728046,62.088062],[129.72804,62.088286],[129.728334,62.088312],[129.728697,62.088272],[129.728962,62.088187],[129.728978,62.08805],[129.728893,62.087829],[129.728797,62.087289],[129.72859,62.087248],[129.727756,62.08736]]]}},{"type":"Feature","properties":{"block_id":"ykt-0493","area_m2":23980,"district":"Район Кржижановского","centroid":[129.712199,62.08828]},"geometry":{"type":"Polygon","coordinates":[[[129.713593,62.087241],[129.712877,62.087497],[129.710729,62.088097],[129.710285,62.088264],[129.710214,62.088328],[129.710219,62.088399],[129.710442,62.088695],[129.710475,62.088849],[129.710631,62.088928],[129.711509,62.089186],[129.712302,62.089311],[129.712368,62.08902],[129.71251,62.088799],[129.712935,62.088536],[129.714379,62.087897],[129.713593,62.087241]]]}},{"type":"Feature","properties":{"block_id":"ykt-0494","area_m2":30364,"district":"ГОМ №2","centroid":[129.743187,62.089368]},"geometry":{"type":"Polygon","coordinates":[[[129.74195,62.088023],[129.741915,62.088936],[129.741977,62.089356],[129.742088,62.089749],[129.742448,62.090499],[129.744815,62.090428],[129.745036,62.09038],[129.745227,62.090024],[129.745083,62.089986],[129.743767,62.089286],[129.743726,62.089215],[129.743654,62.088744],[129.743852,62.088377],[129.743817,62.088222],[129.743685,62.088045],[129.74195,62.088023]]]}},{"type":"Feature","properties":{"block_id":"ykt-0495","area_m2":47110,"district":"Племобъединение","centroid":[129.716784,62.089445]},"geometry":{"type":"Polygon","coordinates":[[[129.718273,62.087906],[129.716746,62.088613],[129.714039,62.089383],[129.71459,62.089879],[129.714271,62.089998],[129.713751,62.090487],[129.713167,62.090839],[129.713706,62.090884],[129.71398,62.090861],[129.714481,62.090698],[129.71496,62.090437],[129.715885,62.09012],[129.716228,62.090054],[129.717055,62.089998],[129.717447,62.090106],[129.717977,62.090163],[129.71939,62.089962],[129.719492,62.089911],[129.719502,62.089836],[129.71912,62.088888],[129.718273,62.087906]]]}},{"type":"Feature","properties":{"block_id":"ykt-0496","area_m2":126932,"district":"Племобъединение","centroid":[129.710132,62.090759]},"geometry":{"type":"Polygon","coordinates":[[[129.713422,62.089543],[129.711191,62.089113],[129.710164,62.088735],[129.709778,62.088651],[129.709192,62.088616],[129.708878,62.088645],[129.708622,62.088731],[129.707335,62.089279],[129.706749,62.089739],[129.706621,62.08993],[129.706614,62.090059],[129.706666,62.090193],[129.707622,62.091344],[129.707743,62.091562],[129.707807,62.09186],[129.708172,62.092013],[129.708308,62.092165],[129.708437,62.092616],[129.708807,62.092841],[129.709109,62.093158],[129.709139,62.093281],[129.709049,62.093511],[129.709298,62.093731],[129.709662,62.093828],[129.709782,62.093667],[129.71132,62.092728],[129.71145,62.092592],[129.711764,62.091936],[129.712109,62.09152],[129.713751,62.090487],[129.714271,62.089998],[129.71459,62.089879],[129.714039,62.089383],[129.713422,62.089543]]]}},{"type":"Feature","properties":{"block_id":"ykt-0497","area_m2":2703,"district":null,"centroid":[129.707009,62.090978]},"geometry":{"type":"Polygon","coordinates":[[[129.707556,62.091259],[129.706774,62.090329],[129.706716,62.090357],[129.706727,62.091003],[129.706781,62.091267],[129.706692,62.091377],[129.706958,62.09138],[129.707556,62.091259]]]}},{"type":"Feature","properties":{"block_id":"ykt-0498","area_m2":7476,"district":"ГОМ №2","centroid":[129.743353,62.09126]},"geometry":{"type":"Polygon","coordinates":[[[129.741932,62.0891],[129.741934,62.086774],[129.741732,62.086793],[129.741829,62.089101],[129.741942,62.089693],[129.742085,62.09003],[129.742454,62.090692],[129.742956,62.091451],[129.745775,62.095239],[129.745979,62.095219],[129.742983,62.091314],[129.742448,62.090499],[129.742218,62.090061],[129.742027,62.089568],[129.741932,62.0891]]]}},{"type":"Feature","properties":{"block_id":"ykt-0499","area_m2":18736,"district":"ГОМ №2","centroid":[129.746819,62.092661]},"geometry":{"type":"Polygon","coordinates":[[[129.745172,62.091692],[129.745584,62.091977],[129.746893,62.09376],[129.747114,62.093791],[129.747966,62.09375],[129.748181,62.093649],[129.748172,62.093555],[129.747579,62.092663],[129.747366,62.091913],[129.746491,62.091899],[129.746418,62.091867],[129.746381,62.091745],[129.746445,62.091637],[129.746366,62.091536],[129.745993,62.091511],[129.745545,62.091578],[129.745172,62.091692]]]}},{"type":"Feature","properties":{"block_id":"ykt-0500","area_m2":286448,"district":"Племобъединение","centroid":[129.716486,62.092987]},"geometry":{"type":"Polygon","coordinates":[[[129.718634,62.092088],[129.718732,62.091971],[129.719782,62.091569],[129.72103,62.090284],[129.721244,62.089938],[129.721471,62.089424],[129.721735,62.089158],[129.721967,62.088834],[129.722001,62.088662],[129.72166,62.088258],[129.721705,62.088068],[129.721791,62.087967],[129.72199,62.087866],[129.721194,62.087704],[129.719811,62.087613],[129.719051,62.087668],[129.718273,62.087906],[129.71912,62.088888],[129.719502,62.089836],[129.719492,62.089911],[129.71939,62.089962],[129.717977,62.090163],[129.717447,62.090106],[129.717055,62.089998],[129.716504,62.090017],[129.715885,62.09012],[129.71496,62.090437],[129.714481,62.090698],[129.71398,62.090861],[129.713706,62.090884],[129.713167,62.090839],[129.712249,62.091411],[129.711928,62.091697],[129.711764,62.091936],[129.71145,62.092592],[129.711637,62.092669],[129.712041,62.09303],[129.712695,62.093407],[129.712842,62.093553],[129.712888,62.093781],[129.713461,62.094349],[129.71449,62.09471],[129.714626,62.094807],[129.714482,62.094968],[129.71392,62.095247],[129.712819,62.095368],[129.711046,62.095347],[129.711093,62.095607],[129.711259,62.095916],[129.711609,62.096322],[129.712057,62.097021],[129.712407,62.097259],[129.712996,62.09746],[129.713303,62.097478],[129.714411,62.097254],[129.713552,62.096778],[129.713476,62.096684],[129.713518,62.096642],[129.714749,62.096216],[129.717126,62.095677],[129.717422,62.095798],[129.717425,62.095914],[129.717699,62.096187],[129.717679,62.096275],[129.716187,62.096803],[129.716857,62.097477],[129.717086,62.0976],[129.717317,62.097647],[129.718122,62.097304],[129.720412,62.096678],[129.720561,62.096579],[129.720627,62.096421],[129.720249,62.095921],[129.72015,62.095414],[129.720173,62.095205],[129.717808,62.094891],[129.717707,62.094841],[129.717698,62.094766],[129.71805,62.094261],[129.718075,62.093959],[129.718017,62.093766],[129.717888,62.093642],[129.717004,62.093094],[129.716985,62.09299],[129.717097,62.092693],[129.717148,62.09256],[129.717238,62.092482],[129.718063,62.09216],[129.718634,62.092088]]]}},{"type":"Feature","properties":{"block_id":"ykt-0501","area_m2":13888,"district":"Племобъединение","centroid":[129.731013,62.093178]},"geometry":{"type":"Polygon","coordinates":[[[129.729609,62.093622],[129.730467,62.093584],[129.73241,62.093608],[129.732346,62.092661],[129.730885,62.092746],[129.729394,62.09294],[129.729609,62.093622]]]}},{"type":"Feature","properties":{"block_id":"ykt-0502","area_m2":30337,"district":"Племобъединение","centroid":[129.718566,62.093696]},"geometry":{"type":"Polygon","coordinates":[[[129.720079,62.094698],[129.719415,62.093766],[129.718965,62.092622],[129.718634,62.092088],[129.718063,62.09216],[129.717238,62.092482],[129.717148,62.09256],[129.716985,62.09299],[129.717004,62.093094],[129.717888,62.093642],[129.718017,62.093766],[129.718075,62.093959],[129.71805,62.094261],[129.717698,62.094766],[129.717707,62.094841],[129.717808,62.094891],[129.720173,62.095205],[129.720175,62.094977],[129.720079,62.094698]]]}},{"type":"Feature","properties":{"block_id":"ykt-0503","area_m2":2942,"district":null,"centroid":[129.703564,62.093931]},"geometry":{"type":"Polygon","coordinates":[[[129.703202,62.093003],[129.703101,62.093175],[129.703211,62.094082],[129.703471,62.094286],[129.70408,62.094339],[129.704424,62.094268],[129.704461,62.094194],[129.704125,62.094152],[129.703849,62.094035],[129.703426,62.093681],[129.703282,62.093481],[129.703263,62.09317],[129.703202,62.093003]]]}},{"type":"Feature","properties":{"block_id":"ykt-0504","area_m2":14176,"district":"Племобъединение","centroid":[129.72688,62.094037]},"geometry":{"type":"Polygon","coordinates":[[[129.723932,62.094018],[129.724098,62.094459],[129.729765,62.09404],[129.729609,62.093622],[129.728558,62.09367],[129.725779,62.093935],[129.723932,62.094018]]]}},{"type":"Feature","properties":{"block_id":"ykt-0505","area_m2":43109,"district":"Племобъединение","centroid":[129.711892,62.094236]},"geometry":{"type":"Polygon","coordinates":[[[129.71145,62.092592],[129.71107,62.092908],[129.709782,62.093667],[129.709662,62.093828],[129.709718,62.093996],[129.709999,62.094309],[129.710329,62.094525],[129.710765,62.094924],[129.711046,62.095347],[129.713303,62.095342],[129.71392,62.095247],[129.714596,62.094875],[129.714626,62.094807],[129.71449,62.09471],[129.713651,62.094433],[129.713353,62.094272],[129.712888,62.093781],[129.712842,62.093553],[129.712695,62.093407],[129.712041,62.09303],[129.711637,62.092669],[129.71145,62.092592]]]}},{"type":"Feature","properties":{"block_id":"ykt-0506","area_m2":432568,"district":"ГОМ №2","centroid":[129.74903,62.094314]},"geometry":{"type":"Polygon","coordinates":[[[129.746272,62.095661],[129.748719,62.098589],[129.749726,62.099409],[129.750798,62.100111],[129.75152,62.100058],[129.752818,62.10033],[129.753243,62.100306],[129.753448,62.100243],[129.753963,62.099897],[129.754507,62.099634],[129.755193,62.099484],[129.756491,62.099346],[129.756589,62.099296],[129.75663,62.099209],[129.756616,62.099051],[129.756477,62.098831],[129.756035,62.098402],[129.753605,62.096789],[129.753153,62.096361],[129.750976,62.093381],[129.750364,62.092672],[129.749836,62.0922],[129.749522,62.091743],[129.74934,62.091426],[129.749335,62.091326],[129.749529,62.090725],[129.749614,62.090182],[129.749558,62.088179],[129.743685,62.088045],[129.743849,62.0883],[129.743815,62.088472],[129.743654,62.088744],[129.743767,62.089286],[129.745083,62.089986],[129.745227,62.090024],[129.745036,62.09038],[129.744936,62.090414],[129.742448,62.090499],[129.743329,62.091778],[129.745979,62.095219],[129.746286,62.095288],[129.746411,62.095373],[129.746467,62.09549],[129.746272,62.095661]]]}},{"type":"Feature","properties":{"block_id":"ykt-0507","area_m2":22879,"district":"Племобъединение","centroid":[129.72703,62.094593]},"geometry":{"type":"Polygon","coordinates":[[[129.724098,62.094459],[129.724431,62.09518],[129.727723,62.094866],[129.729955,62.09474],[129.729765,62.09404],[129.724098,62.094459]]]}},{"type":"Feature","properties":{"block_id":"ykt-0508","area_m2":7349,"district":null,"centroid":[129.704578,62.094708]},"geometry":{"type":"Polygon","coordinates":[[[129.703471,62.094286],[129.703717,62.094613],[129.704035,62.094932],[129.704221,62.095053],[129.705147,62.095266],[129.705482,62.095227],[129.705448,62.095032],[129.705107,62.094588],[129.705096,62.09427],[129.704624,62.094187],[129.704461,62.094194],[129.704424,62.094268],[129.704314,62.094311],[129.70408,62.094339],[129.703471,62.094286]]]}},{"type":"Feature","properties":{"block_id":"ykt-0509","area_m2":53174,"district":"район Даркылах 2","centroid":[129.804715,62.094831]},"geometry":{"type":"Polygon","coordinates":[[[129.802072,62.094288],[129.803632,62.096346],[129.805373,62.096112],[129.805803,62.095938],[129.806737,62.094903],[129.806903,62.09465],[129.806969,62.094308],[129.806567,62.093671],[129.806471,62.093597],[129.805894,62.093393],[129.805662,62.093388],[129.805435,62.093393],[129.805305,62.093521],[129.805056,62.093651],[129.802072,62.094288]]]}},{"type":"Feature","properties":{"block_id":"ykt-0510","area_m2":4309,"district":"Племобъединение","centroid":[129.710168,62.094839]},"geometry":{"type":"Polygon","coordinates":[[[129.710998,62.095257],[129.710765,62.094924],[129.710118,62.094388],[129.709465,62.094524],[129.709363,62.094599],[129.70966,62.094915],[129.709957,62.095064],[129.710509,62.095262],[129.710998,62.095257]]]}},{"type":"Feature","properties":{"block_id":"ykt-0511","area_m2":52275,"district":"Племобъединение","centroid":[129.732043,62.094975]},"geometry":{"type":"Polygon","coordinates":[[[129.730304,62.095753],[129.731213,62.095764],[129.731801,62.095834],[129.732711,62.096301],[129.732864,62.096437],[129.732924,62.09656],[129.735026,62.095851],[129.735099,62.095788],[129.735048,62.09571],[129.733672,62.094878],[129.733025,62.094597],[129.732878,62.094434],[129.732625,62.093885],[129.73241,62.093608],[129.730467,62.093584],[129.729609,62.093622],[129.730304,62.095753]]]}},{"type":"Feature","properties":{"block_id":"ykt-0512","area_m2":117961,"district":"Племобъединение","centroid":[129.708087,62.095004]},"geometry":{"type":"Polygon","coordinates":[[[129.705563,62.095513],[129.70579,62.09581],[129.705878,62.096296],[129.706096,62.096558],[129.70633,62.096663],[129.707164,62.096894],[129.707556,62.097161],[129.711159,62.096921],[129.711656,62.096935],[129.712057,62.097021],[129.711609,62.096322],[129.711191,62.095802],[129.710998,62.095257],[129.710509,62.095262],[129.709957,62.095064],[129.70966,62.094915],[129.709376,62.094652],[129.709363,62.094599],[129.709465,62.094524],[129.710118,62.094388],[129.709718,62.093996],[129.709662,62.093828],[129.709423,62.093789],[129.709139,62.093614],[129.709049,62.093511],[129.709139,62.093281],[129.709109,62.093158],[129.708807,62.092841],[129.708437,62.092616],[129.708308,62.092165],[129.708172,62.092013],[129.707807,62.09186],[129.70767,62.092038],[129.70684,62.092686],[129.705527,62.09357],[129.705209,62.093922],[129.70512,62.094082],[129.705107,62.094588],[129.705448,62.095032],[129.705822,62.095121],[129.705482,62.095227],[129.705563,62.095513]]]}},{"type":"Feature","properties":{"block_id":"ykt-0513","area_m2":27701,"district":"Племобъединение","centroid":[129.727563,62.095346]},"geometry":{"type":"Polygon","coordinates":[[[129.724431,62.09518],[129.724729,62.095808],[129.730304,62.095753],[129.729955,62.09474],[129.727723,62.094866],[129.724431,62.09518]]]}},{"type":"Feature","properties":{"block_id":"ykt-0514","area_m2":17088,"district":"Племобъединение","centroid":[129.722972,62.095347]},"geometry":{"type":"Polygon","coordinates":[[[129.722553,62.096213],[129.723192,62.096395],[129.724076,62.09678],[129.723544,62.095284],[129.723177,62.094063],[129.722577,62.094149],[129.722294,62.094315],[129.722117,62.094499],[129.722102,62.094779],[129.72199,62.095084],[129.722242,62.095302],[129.722568,62.096148],[129.722553,62.096213]]]}},{"type":"Feature","properties":{"block_id":"ykt-0515","area_m2":35383,"district":"ГОМ №2","centroid":[129.743243,62.095683]},"geometry":{"type":"Polygon","coordinates":[[[129.740759,62.095592],[129.741941,62.096205],[129.741973,62.096376],[129.741886,62.096489],[129.741202,62.096874],[129.741741,62.097153],[129.745413,62.095559],[129.745444,62.095369],[129.745775,62.095239],[129.74518,62.09444],[129.74497,62.094502],[129.744761,62.094665],[129.743286,62.094993],[129.742033,62.095097],[129.741254,62.095333],[129.740759,62.095592]]]}},{"type":"Feature","properties":{"block_id":"ykt-0516","area_m2":3418,"district":"Племобъединение","centroid":[129.722085,62.095706]},"geometry":{"type":"Polygon","coordinates":[[[129.72199,62.095084],[129.721707,62.095476],[129.72169,62.095849],[129.721846,62.096048],[129.722553,62.096213],[129.722568,62.096148],[129.722242,62.095302],[129.72199,62.095084]]]}},{"type":"Feature","properties":{"block_id":"ykt-0517","area_m2":19674,"district":"Племобъединение","centroid":[129.724275,62.095908]},"geometry":{"type":"Polygon","coordinates":[[[129.724678,62.097726],[129.725261,62.097651],[129.725423,62.097565],[129.725277,62.09712],[129.723932,62.094018],[129.723177,62.094063],[129.723544,62.095284],[129.724076,62.09678],[129.724678,62.097726]]]}},{"type":"Feature","properties":{"block_id":"ykt-0518","area_m2":8879,"district":"ГОМ №2","centroid":[129.745877,62.095912]},"geometry":{"type":"Polygon","coordinates":[[[129.746878,62.096383],[129.746272,62.095661],[129.746467,62.09549],[129.746411,62.095373],[129.746286,62.095288],[129.745979,62.095219],[129.745548,62.095303],[129.745444,62.095369],[129.745413,62.095559],[129.745006,62.095742],[129.74501,62.09612],[129.745695,62.096466],[129.746373,62.096475],[129.746878,62.096383]]]}},{"type":"Feature","properties":{"block_id":"ykt-0519","area_m2":18491,"district":"Племобъединение","centroid":[129.715643,62.096464]},"geometry":{"type":"Polygon","coordinates":[[[129.714411,62.097254],[129.716187,62.096803],[129.717598,62.096312],[129.717679,62.096275],[129.717699,62.096187],[129.717425,62.095914],[129.717422,62.095798],[129.717126,62.095677],[129.714749,62.096216],[129.713476,62.096684],[129.713552,62.096778],[129.714411,62.097254]]]}},{"type":"Feature","properties":{"block_id":"ykt-0520","area_m2":17380,"district":"Племобъединение","centroid":[129.709827,62.097382]},"geometry":{"type":"Polygon","coordinates":[[[129.707556,62.097161],[129.708289,62.097856],[129.708345,62.098097],[129.711538,62.097387],[129.712799,62.097417],[129.712407,62.097259],[129.712057,62.097021],[129.711432,62.096914],[129.707556,62.097161]]]}},{"type":"Feature","properties":{"block_id":"ykt-0521","area_m2":165481,"district":"район Даркылах 2","centroid":[129.801001,62.09747]},"geometry":{"type":"Polygon","coordinates":[[[129.800976,62.100406],[129.803274,62.099257],[129.803618,62.098942],[129.803792,62.098635],[129.803971,62.098136],[129.804042,62.097701],[129.804011,62.097224],[129.803861,62.096724],[129.803632,62.096346],[129.801662,62.093783],[129.80106,62.09282],[129.800759,62.092499],[129.800583,62.092387],[129.800691,62.092759],[129.800591,62.093284],[129.800519,62.094116],[129.800206,62.094776],[129.799378,62.096038],[129.798524,62.097154],[129.798358,62.097446],[129.79825,62.098508],[129.798372,62.099118],[129.798313,62.099387],[129.798345,62.099632],[129.79797,62.100362],[129.798143,62.100549],[129.798948,62.100846],[129.800976,62.100406]]]}},{"type":"Feature","properties":{"block_id":"ykt-0522","area_m2":13715,"district":"Племобъединение","centroid":[129.720754,62.097601]},"geometry":{"type":"Polygon","coordinates":[[[129.720244,62.096752],[129.719064,62.097057],[129.721135,62.098411],[129.722507,62.098159],[129.720244,62.096752]]]}},{"type":"Feature","properties":{"block_id":"ykt-0523","area_m2":23659,"district":"ГОМ №2","centroid":[129.747014,62.097685]},"geometry":{"type":"Polygon","coordinates":[[[129.748719,62.098589],[129.746878,62.096383],[129.746373,62.096475],[129.745884,62.096657],[129.746056,62.096871],[129.746084,62.097022],[129.745491,62.097192],[129.745287,62.097305],[129.746152,62.097969],[129.747522,62.09892],[129.748719,62.098589]]]}},{"type":"Feature","properties":{"block_id":"ykt-0524","area_m2":23646,"district":"Племобъединение","centroid":[129.730878,62.097756]},"geometry":{"type":"Polygon","coordinates":[[[129.734321,62.098107],[129.734275,62.097812],[129.734203,62.097698],[129.733427,62.0973],[129.732992,62.097344],[129.732472,62.097492],[129.732233,62.097505],[129.72738,62.097449],[129.727218,62.097518],[129.727291,62.097992],[129.734321,62.098107]]]}},{"type":"Feature","properties":{"block_id":"ykt-0525","area_m2":65582,"district":"ГОМ №2","centroid":[129.744497,62.09786]},"geometry":{"type":"Polygon","coordinates":[[[129.747522,62.09892],[129.745287,62.097305],[129.745491,62.097192],[129.746084,62.097022],[129.746056,62.096871],[129.745695,62.096466],[129.74501,62.09612],[129.744539,62.095939],[129.74152,62.097246],[129.742242,62.097799],[129.743955,62.099263],[129.744584,62.099723],[129.747522,62.09892]]]}},{"type":"Feature","properties":{"block_id":"ykt-0526","area_m2":16673,"district":"Племобъединение","centroid":[129.719259,62.097914]},"geometry":{"type":"Polygon","coordinates":[[[129.719064,62.097057],[129.718122,62.097304],[129.717608,62.097518],[129.719079,62.09867],[129.721135,62.098411],[129.719064,62.097057]]]}},{"type":"Feature","properties":{"block_id":"ykt-0527","area_m2":29900,"district":"район Даркылах 2","centroid":[129.804969,62.097929]},"geometry":{"type":"Polygon","coordinates":[[[129.803861,62.096724],[129.804047,62.097505],[129.803971,62.098136],[129.803718,62.098788],[129.803475,62.099105],[129.803274,62.099257],[129.803637,62.099349],[129.805383,62.098813],[129.805998,62.098696],[129.806119,62.098632],[129.806302,62.098316],[129.806326,62.098155],[129.806251,62.097557],[129.806388,62.097142],[129.806362,62.097022],[129.806287,62.096947],[129.805433,62.096871],[129.804483,62.096718],[129.803861,62.096724]]]}},{"type":"Feature","properties":{"block_id":"ykt-0528","area_m2":934,"district":"Племобъединение","centroid":[129.738992,62.098369]},"geometry":{"type":"Polygon","coordinates":[[[129.739544,62.098422],[129.739324,62.098318],[129.739261,62.098169],[129.738257,62.098502],[129.739544,62.098422]]]}},{"type":"Feature","properties":{"block_id":"ykt-0529","area_m2":27995,"district":"Племобъединение","centroid":[129.730975,62.098399]},"geometry":{"type":"Polygon","coordinates":[[[129.734416,62.098858],[129.734321,62.098107],[129.727291,62.097992],[129.727491,62.098632],[129.734416,62.098858]]]}},{"type":"Feature","properties":{"block_id":"ykt-0530","area_m2":27131,"district":"Племобъединение","centroid":[129.716435,62.098509]},"geometry":{"type":"Polygon","coordinates":[[[129.719079,62.09867],[129.717608,62.097518],[129.716993,62.097758],[129.714461,62.098342],[129.714333,62.098441],[129.714259,62.098824],[129.714774,62.099321],[129.714902,62.099395],[129.715294,62.099449],[129.715711,62.099372],[129.716339,62.099029],[129.716867,62.098861],[129.719079,62.09867]]]}},{"type":"Feature","properties":{"block_id":"ykt-0531","area_m2":7764,"district":"Племобъединение","centroid":[129.724036,62.098792]},"geometry":{"type":"Polygon","coordinates":[[[129.723294,62.09793],[129.722611,62.098129],[129.725043,62.099731],[129.725211,62.099757],[129.725494,62.099653],[129.724164,62.098554],[129.723294,62.09793]]]}},{"type":"Feature","properties":{"block_id":"ykt-0532","area_m2":11162,"district":"район Большая Марха","centroid":[129.748938,62.099377]},"geometry":{"type":"Polygon","coordinates":[[[129.750278,62.099788],[129.749286,62.099081],[129.748719,62.098589],[129.747522,62.09892],[129.748723,62.099775],[129.749425,62.100213],[129.750278,62.099788]]]}},{"type":"Feature","properties":{"block_id":"ykt-0533","area_m2":940,"district":"район Даркылах 2","centroid":[129.803211,62.09944]},"geometry":{"type":"Polygon","coordinates":[[[129.803274,62.099257],[129.803106,62.099357],[129.802614,62.09959],[129.802957,62.099585],[129.80365,62.099455],[129.803637,62.099349],[129.803274,62.099257]]]}},{"type":"Feature","properties":{"block_id":"ykt-0534","area_m2":13738,"district":"район Большая Марха","centroid":[129.747864,62.09977]},"geometry":{"type":"Polygon","coordinates":[[[129.749425,62.100213],[129.748723,62.099775],[129.747522,62.09892],[129.746225,62.099261],[129.748393,62.100683],[129.749425,62.100213]]]}},{"type":"Feature","properties":{"block_id":"ykt-0535","area_m2":30348,"district":"район Большая Марха","centroid":[129.746938,62.10058]},"geometry":{"type":"Polygon","coordinates":[[[129.748673,62.101374],[129.749147,62.101127],[129.748563,62.100814],[129.746225,62.099261],[129.744584,62.099723],[129.746306,62.101027],[129.747338,62.101669],[129.747973,62.101943],[129.748746,62.101647],[129.748774,62.101555],[129.748637,62.101433],[129.748673,62.101374]]]}},{"type":"Feature","properties":{"block_id":"ykt-0536","area_m2":51345,"district":"район Большая Марха","centroid":[129.75185,62.101514]},"geometry":{"type":"Polygon","coordinates":[[[129.750798,62.100111],[129.750278,62.099788],[129.748393,62.100683],[129.748832,62.100978],[129.749147,62.101127],[129.75286,62.102748],[129.753668,62.103163],[129.753791,62.103178],[129.75406,62.103114],[129.75545,62.102487],[129.752826,62.101186],[129.750798,62.100111]]]}},{"type":"Feature","properties":{"block_id":"ykt-0537","area_m2":482612,"district":"Племобъединение","centroid":[129.717003,62.101831]},"geometry":{"type":"Polygon","coordinates":[[[129.708345,62.098097],[129.708444,62.098429],[129.708707,62.098791],[129.708996,62.098999],[129.710548,62.100645],[129.710561,62.10099],[129.710651,62.101156],[129.711064,62.101562],[129.711537,62.101909],[129.712239,62.102539],[129.712816,62.10343],[129.713437,62.104192],[129.713625,62.104334],[129.713796,62.104371],[129.714507,62.104292],[129.715128,62.104361],[129.717147,62.104168],[129.717534,62.10421],[129.717733,62.104338],[129.717854,62.105063],[129.718278,62.105319],[129.718608,62.105731],[129.718922,62.105989],[129.719191,62.106687],[129.719538,62.10688],[129.720197,62.106964],[129.72063,62.107135],[129.720917,62.107139],[129.721417,62.106991],[129.72183,62.106934],[129.722925,62.106838],[129.724222,62.106249],[129.723113,62.105647],[129.723402,62.105597],[129.723662,62.105627],[129.724032,62.105512],[129.724326,62.1052],[129.724687,62.104914],[129.724706,62.104791],[129.724239,62.104508],[129.723625,62.103854],[129.72308,62.103517],[129.722891,62.103322],[129.722834,62.103093],[129.722877,62.102909],[129.723199,62.102527],[129.723182,62.10176],[129.723125,62.101689],[129.722102,62.101149],[129.721967,62.101032],[129.721854,62.100752],[129.721571,62.100419],[129.7208,62.100036],[129.719079,62.09867],[129.716867,62.098861],[129.716339,62.099029],[129.715711,62.099372],[129.715294,62.099449],[129.714902,62.099395],[129.714774,62.099321],[129.714259,62.098824],[129.714333,62.098441],[129.714461,62.098342],[129.716699,62.097834],[129.717317,62.097647],[129.717086,62.0976],[129.716857,62.097477],[129.716187,62.096803],[129.714411,62.097254],[129.713303,62.097478],[129.712424,62.097395],[129.711538,62.097387],[129.708345,62.098097]]]}},{"type":"Feature","properties":{"block_id":"ykt-0538","area_m2":24836,"district":"Племобъединение","centroid":[129.725681,62.102221]},"geometry":{"type":"Polygon","coordinates":[[[129.724711,62.100932],[129.72493,62.102789],[129.725179,62.10363],[129.726817,62.103322],[129.726849,62.10322],[129.726401,62.101797],[129.726228,62.101363],[129.725939,62.100885],[129.725732,62.100704],[129.724711,62.100932]]]}},{"type":"Feature","properties":{"block_id":"ykt-0539","area_m2":77955,"district":"район Большая Марха","centroid":[129.743599,62.102388]},"geometry":{"type":"Polygon","coordinates":[[[129.747803,62.104867],[129.747573,62.104572],[129.747304,62.104335],[129.743894,62.10178],[129.743472,62.101322],[129.741787,62.099202],[129.740733,62.100127],[129.740528,62.10047],[129.740345,62.100938],[129.74035,62.101125],[129.740432,62.101241],[129.740774,62.101543],[129.74238,62.10259],[129.744793,62.104351],[129.745228,62.104816],[129.745288,62.104912],[129.745281,62.105018],[129.746401,62.10503],[129.747803,62.104867]]]}},{"type":"Feature","properties":{"block_id":"ykt-0540","area_m2":29060,"district":"Племобъединение","centroid":[129.723961,62.102457]},"geometry":{"type":"Polygon","coordinates":[[[129.725179,62.10363],[129.72493,62.102789],[129.724711,62.100932],[129.723673,62.101197],[129.722283,62.101237],[129.723125,62.101689],[129.723182,62.10176],[129.723199,62.102527],[129.722877,62.102909],[129.722834,62.103093],[129.722891,62.103322],[129.72308,62.103517],[129.723625,62.103854],[129.725179,62.10363]]]}},{"type":"Feature","properties":{"block_id":"ykt-0541","area_m2":292805,"district":"район Большая Марха","centroid":[129.738907,62.102678]},"geometry":{"type":"Polygon","coordinates":[[[129.736768,62.099212],[129.733253,62.104638],[129.737734,62.105485],[129.738596,62.105437],[129.738979,62.105506],[129.739403,62.105624],[129.739799,62.105859],[129.74059,62.106174],[129.742292,62.10628],[129.742585,62.106237],[129.742802,62.105983],[129.742556,62.105508],[129.742528,62.105269],[129.742565,62.105109],[129.742771,62.104868],[129.743503,62.104836],[129.744373,62.10497],[129.745281,62.105018],[129.745288,62.104912],[129.745228,62.104816],[129.744793,62.104351],[129.74238,62.10259],[129.740774,62.101543],[129.74035,62.101125],[129.740327,62.101036],[129.740394,62.100795],[129.740733,62.100127],[129.741787,62.099202],[129.741154,62.098394],[129.740965,62.098256],[129.740507,62.098216],[129.739324,62.098452],[129.738257,62.098502],[129.737431,62.098772],[129.736935,62.099038],[129.736768,62.099212]]]}},{"type":"Feature","properties":{"block_id":"ykt-0542","area_m2":83740,"district":"район Большая Марха","centroid":[129.75371,62.103301]},"geometry":{"type":"Polygon","coordinates":[[[129.757972,62.103765],[129.75545,62.102487],[129.75406,62.103114],[129.753791,62.103178],[129.753668,62.103163],[129.75286,62.102748],[129.749147,62.101127],[129.748673,62.101374],[129.748637,62.101433],[129.748774,62.101555],[129.748746,62.101647],[129.747973,62.101943],[129.749973,62.10324],[129.75016,62.10328],[129.750851,62.103243],[129.751133,62.103299],[129.755004,62.104348],[129.757937,62.105244],[129.75823,62.105316],[129.75894,62.105368],[129.758588,62.104536],[129.758179,62.103919],[129.757972,62.103765]]]}},{"type":"Feature","properties":{"block_id":"ykt-0543","area_m2":16768,"district":"Племобъединение","centroid":[129.7171,62.105468]},"geometry":{"type":"Polygon","coordinates":[[[129.718608,62.105731],[129.718278,62.105319],[129.717854,62.105063],[129.717787,62.104638],[129.716017,62.104875],[129.715928,62.104912],[129.715905,62.104979],[129.716092,62.10556],[129.716319,62.106044],[129.71633,62.106201],[129.716543,62.106371],[129.716818,62.106394],[129.717871,62.1059],[129.718289,62.105769],[129.718608,62.105731]]]}},{"type":"Feature","properties":{"block_id":"ykt-0544","area_m2":11623,"district":"район Большая Марха","centroid":[129.76871,62.105616]},"geometry":{"type":"Polygon","coordinates":[[[129.768668,62.104663],[129.767824,62.106187],[129.767761,62.106221],[129.767719,62.106354],[129.768562,62.106467],[129.769044,62.106471],[129.769388,62.105473],[129.769307,62.104793],[129.769237,62.104595],[129.768942,62.104489],[129.768668,62.104663]]]}},{"type":"Feature","properties":{"block_id":"ykt-0545","area_m2":20795,"district":"район Большая Марха","centroid":[129.766044,62.106458]},"geometry":{"type":"Polygon","coordinates":[[[129.762464,62.106056],[129.763738,62.106408],[129.767359,62.107051],[129.768298,62.107153],[129.768562,62.106467],[129.767719,62.106354],[129.767761,62.106221],[129.766957,62.106124],[129.764475,62.105984],[129.762775,62.105997],[129.762464,62.106056]]]}},{"type":"Feature","properties":{"block_id":"ykt-0546","area_m2":132571,"district":"район Большая Марха","centroid":[129.737616,62.106584]},"geometry":{"type":"Polygon","coordinates":[[[129.733253,62.104638],[129.732987,62.105166],[129.732609,62.10665],[129.732408,62.10723],[129.733765,62.107167],[129.734404,62.107234],[129.738537,62.108213],[129.738894,62.107928],[129.739678,62.107671],[129.740105,62.107673],[129.741183,62.107842],[129.742004,62.107568],[129.744536,62.108167],[129.744127,62.107789],[129.743381,62.106777],[129.742736,62.10663],[129.742416,62.106431],[129.742292,62.10628],[129.74059,62.106174],[129.739799,62.105859],[129.739403,62.105624],[129.738979,62.105506],[129.738596,62.105437],[129.737734,62.105485],[129.733253,62.104638]]]}},{"type":"Feature","properties":{"block_id":"ykt-0547","area_m2":4880,"district":"район Большая Марха","centroid":[129.769038,62.106851]},"geometry":{"type":"Polygon","coordinates":[[[129.768298,62.107153],[129.768864,62.107172],[129.769835,62.107158],[129.769795,62.107022],[129.769554,62.106728],[129.769463,62.106475],[129.768562,62.106467],[129.768298,62.107153]]]}},{"type":"Feature","properties":{"block_id":"ykt-0548","area_m2":116137,"district":"район Большая Марха","centroid":[129.745719,62.10702]},"geometry":{"type":"Polygon","coordinates":[[[129.748015,62.107611],[129.747929,62.105501],[129.747803,62.104867],[129.74682,62.105002],[129.74607,62.105034],[129.744373,62.10497],[129.743218,62.104824],[129.742771,62.104868],[129.742565,62.105109],[129.742528,62.105269],[129.742556,62.105508],[129.742802,62.105983],[129.742585,62.106237],[129.742292,62.10628],[129.742416,62.106431],[129.742736,62.10663],[129.743381,62.106777],[129.744127,62.107789],[129.744536,62.108167],[129.74469,62.108243],[129.744761,62.10843],[129.744981,62.109722],[129.746835,62.109575],[129.747871,62.109753],[129.747994,62.109164],[129.748015,62.107611]]]}},{"type":"Feature","properties":{"block_id":"ykt-0549","area_m2":155138,"district":"район Большая Марха","centroid":[129.768707,62.107128]},"geometry":{"type":"Polygon","coordinates":[[[129.758901,62.106612],[129.766884,62.108028],[129.769036,62.108463],[129.76973,62.108555],[129.770771,62.108548],[129.773147,62.108195],[129.777308,62.107908],[129.779438,62.107925],[129.780566,62.107855],[129.780392,62.107501],[129.780128,62.107226],[129.7796,62.106966],[129.778691,62.106986],[129.774797,62.106851],[129.772779,62.106899],[129.77097,62.107083],[129.769534,62.107173],[129.768391,62.10716],[129.767359,62.107051],[129.763738,62.106408],[129.762894,62.106205],[129.760561,62.105312],[129.759671,62.104605],[129.759011,62.104259],[129.758785,62.104231],[129.75861,62.104287],[129.758521,62.104422],[129.758765,62.104897],[129.75894,62.105368],[129.758991,62.105764],[129.758901,62.106612]]]}},{"type":"Feature","properties":{"block_id":"ykt-0550","area_m2":240799,"district":null,"centroid":[129.720878,62.107845]},"geometry":{"type":"Polygon","coordinates":[[[129.724385,62.109863],[129.729247,62.108802],[129.728155,62.108174],[129.724222,62.106249],[129.722925,62.106838],[129.72183,62.106934],[129.721417,62.106991],[129.720917,62.107139],[129.72063,62.107135],[129.720197,62.106964],[129.719538,62.10688],[129.719293,62.106775],[129.719136,62.106585],[129.718994,62.106097],[129.718922,62.105989],[129.718608,62.105731],[129.718289,62.105769],[129.717871,62.1059],[129.716818,62.106394],[129.716543,62.106371],[129.716409,62.106294],[129.71633,62.106201],[129.716241,62.105825],[129.716092,62.10556],[129.715955,62.105171],[129.715928,62.104912],[129.717787,62.104638],[129.717733,62.104338],[129.717534,62.10421],[129.717299,62.104161],[129.715128,62.104361],[129.714507,62.104292],[129.713718,62.104369],[129.713787,62.104659],[129.71437,62.10565],[129.714794,62.106186],[129.715197,62.106944],[129.715828,62.107744],[129.71596,62.107973],[129.716366,62.108077],[129.716897,62.108541],[129.717031,62.108604],[129.717028,62.108704],[129.71862,62.110239],[129.71871,62.1104],[129.724385,62.109863]]]}},{"type":"Feature","properties":{"block_id":"ykt-0551","area_m2":31348,"district":"микрорайон Марха","centroid":[129.733299,62.10805]},"geometry":{"type":"Polygon","coordinates":[[[129.732408,62.10723],[129.732135,62.107585],[129.731575,62.108069],[129.731262,62.108255],[129.73069,62.108462],[129.731123,62.10871],[129.73188,62.108736],[129.73231,62.108697],[129.733938,62.109057],[129.735663,62.107513],[129.734088,62.10719],[129.733384,62.107174],[129.732408,62.10723]]]}},{"type":"Feature","properties":{"block_id":"ykt-0552","area_m2":111005,"district":"район Большая Марха","centroid":[129.762976,62.108622]},"geometry":{"type":"Polygon","coordinates":[[[129.767285,62.108108],[129.758901,62.106612],[129.758752,62.107013],[129.758684,62.107371],[129.75871,62.107632],[129.758801,62.107803],[129.759287,62.108207],[129.762205,62.109873],[129.764047,62.111032],[129.764768,62.110823],[129.764915,62.110732],[129.766165,62.109502],[129.766878,62.108558],[129.767285,62.108108]]]}},{"type":"Feature","properties":{"block_id":"ykt-0553","area_m2":59255,"district":null,"centroid":[129.777709,62.108648]},"geometry":{"type":"Polygon","coordinates":[[[129.780566,62.107855],[129.779438,62.107925],[129.777308,62.107908],[129.773439,62.10817],[129.77349,62.108474],[129.773441,62.108713],[129.773238,62.109156],[129.773315,62.109377],[129.773494,62.109501],[129.773883,62.109388],[129.777183,62.108823],[129.777372,62.108854],[129.777987,62.109231],[129.778595,62.109374],[129.77941,62.109404],[129.780759,62.109296],[129.78142,62.109603],[129.782143,62.109378],[129.781108,62.108252],[129.780566,62.107855]]]}},{"type":"Feature","properties":{"block_id":"ykt-0554","area_m2":64796,"district":"район Большая Марха","centroid":[129.741322,62.108683]},"geometry":{"type":"Polygon","coordinates":[[[129.744536,62.108167],[129.742004,62.107568],[129.741183,62.107842],[129.740105,62.107673],[129.739678,62.107671],[129.738894,62.107928],[129.738537,62.108213],[129.737535,62.109187],[129.737945,62.109394],[129.738959,62.109546],[129.739416,62.109699],[129.739759,62.109569],[129.743026,62.109496],[129.744454,62.109325],[129.744927,62.109323],[129.744761,62.10843],[129.74469,62.108243],[129.744536,62.108167]]]}},{"type":"Feature","properties":{"block_id":"ykt-0555","area_m2":73775,"district":"район Большая Марха","centroid":[129.769447,62.109329]},"geometry":{"type":"Polygon","coordinates":[[[129.773439,62.10817],[129.770771,62.108548],[129.770077,62.108571],[129.769264,62.108503],[129.767285,62.108108],[129.766878,62.108558],[129.766165,62.109502],[129.765253,62.110412],[129.767194,62.110549],[129.768786,62.110219],[129.771718,62.109975],[129.772827,62.109765],[129.773494,62.109501],[129.773315,62.109377],[129.773238,62.109156],[129.773441,62.108713],[129.77349,62.108474],[129.773439,62.10817]]]}},{"type":"Feature","properties":{"block_id":"ykt-0556","area_m2":13437,"district":null,"centroid":[129.782819,62.109537]},"geometry":{"type":"Polygon","coordinates":[[[129.780898,62.107818],[129.780566,62.107855],[129.781108,62.108252],[129.782273,62.109526],[129.783439,62.110705],[129.784042,62.110547],[129.78395,62.110304],[129.78399,62.110211],[129.784353,62.109948],[129.782224,62.108858],[129.781483,62.108334],[129.780898,62.107818]]]}},{"type":"Feature","properties":{"block_id":"ykt-0557","area_m2":8515,"district":null,"centroid":[129.779888,62.109684]},"geometry":{"type":"Polygon","coordinates":[[[129.778595,62.109374],[129.779261,62.11026],[129.78142,62.109603],[129.780759,62.109296],[129.77941,62.109404],[129.778595,62.109374]]]}},{"type":"Feature","properties":{"block_id":"ykt-0558","area_m2":60200,"district":null,"centroid":[129.776742,62.110182]},"geometry":{"type":"Polygon","coordinates":[[[129.779261,62.11026],[129.778595,62.109374],[129.777987,62.109231],[129.777277,62.108833],[129.777075,62.10883],[129.773883,62.109388],[129.773494,62.109501],[129.774892,62.110543],[129.774963,62.110662],[129.774897,62.110895],[129.775124,62.110959],[129.775722,62.111604],[129.778922,62.111083],[129.779995,62.110816],[129.779518,62.110613],[129.779366,62.110467],[129.779261,62.11026]]]}},{"type":"Feature","properties":{"block_id":"ykt-0559","area_m2":2729,"district":"микрорайон Марха","centroid":[129.726502,62.11023]},"geometry":{"type":"Polygon","coordinates":[[[129.725824,62.110435],[129.726176,62.110601],[129.726467,62.110578],[129.726941,62.110211],[129.727022,62.109825],[129.726357,62.109946],[129.726293,62.109998],[129.726257,62.110236],[129.725824,62.110435]]]}},{"type":"Feature","properties":{"block_id":"ykt-0560","area_m2":63840,"district":"район Большая Марха","centroid":[129.761001,62.11029]},"geometry":{"type":"Polygon","coordinates":[[[129.759287,62.108207],[129.758366,62.109126],[129.756902,62.110335],[129.757629,62.110744],[129.758355,62.110503],[129.758811,62.110569],[129.759017,62.110538],[129.760286,62.110101],[129.761997,62.111201],[129.763054,62.111736],[129.763919,62.112363],[129.764349,62.1123],[129.765634,62.112259],[129.764568,62.111393],[129.763472,62.110647],[129.761198,62.109284],[129.759287,62.108207]]]}},{"type":"Feature","properties":{"block_id":"ykt-0561","area_m2":1650,"district":"микрорайон Марха","centroid":[129.729906,62.110464]},"geometry":{"type":"Polygon","coordinates":[[[129.729435,62.11057],[129.729111,62.110837],[129.729711,62.110693],[129.730441,62.110331],[129.730526,62.110211],[129.730487,62.11013],[129.730363,62.110076],[129.730293,62.110165],[129.729435,62.11057]]]}},{"type":"Feature","properties":{"block_id":"ykt-0562","area_m2":186461,"district":"микрорайон Марха","centroid":[129.73529,62.110486]},"geometry":{"type":"Polygon","coordinates":[[[129.738561,62.111522],[129.738721,62.111442],[129.740251,62.111153],[129.741457,62.110337],[129.741983,62.110138],[129.744981,62.109722],[129.744927,62.109323],[129.744454,62.109325],[129.743026,62.109496],[129.739759,62.109569],[129.739503,62.109694],[129.739322,62.109681],[129.738959,62.109546],[129.737945,62.109394],[129.737535,62.109187],[129.738537,62.108213],[129.735663,62.107513],[129.733938,62.109057],[129.73231,62.108697],[129.73188,62.108736],[129.731123,62.10871],[129.732069,62.109325],[129.732818,62.109533],[129.733597,62.109865],[129.73111,62.111077],[129.730318,62.111537],[129.728953,62.11209],[129.728632,62.112997],[129.728409,62.11337],[129.728027,62.113825],[129.729245,62.113855],[129.731294,62.113796],[129.731223,62.113481],[129.731004,62.113132],[129.73106,62.112819],[129.730921,62.112552],[129.734319,62.111636],[129.737437,62.110699],[129.737734,62.110663],[129.73779,62.110815],[129.738264,62.111496],[129.738378,62.111545],[129.738561,62.111522]]]}},{"type":"Feature","properties":{"block_id":"ykt-0563","area_m2":66164,"district":"район Большая Марха","centroid":[129.770283,62.110726]},"geometry":{"type":"Polygon","coordinates":[[[129.769439,62.11181],[129.770359,62.111531],[129.771039,62.111193],[129.771594,62.11114],[129.772111,62.111219],[129.772324,62.111313],[129.772756,62.111294],[129.773284,62.111163],[129.774897,62.110895],[129.774963,62.110662],[129.774892,62.110543],[129.773494,62.109501],[129.772827,62.109765],[129.772124,62.10992],[129.769741,62.110167],[129.768993,62.110191],[129.767194,62.110549],[129.765253,62.110412],[129.764842,62.110789],[129.764998,62.11088],[129.765072,62.111228],[129.765701,62.111195],[129.766136,62.111226],[129.7689,62.111598],[129.76929,62.111693],[129.769439,62.11181]]]}},{"type":"Feature","properties":{"block_id":"ykt-0564","area_m2":17727,"district":"район Большая Марха","centroid":[129.759627,62.110889]},"geometry":{"type":"Polygon","coordinates":[[[129.759449,62.111735],[129.76144,62.110836],[129.760286,62.110101],[129.759017,62.110538],[129.758811,62.110569],[129.758355,62.110503],[129.757629,62.110744],[129.759449,62.111735]]]}},{"type":"Feature","properties":{"block_id":"ykt-0565","area_m2":2088,"district":"район Большая Марха","centroid":[129.764641,62.111088]},"geometry":{"type":"Polygon","coordinates":[[[129.765072,62.111228],[129.764998,62.11088],[129.764842,62.110789],[129.764047,62.111032],[129.764568,62.111393],[129.765072,62.111228]]]}},{"type":"Feature","properties":{"block_id":"ykt-0566","area_m2":283541,"district":"микрорайон Марха","centroid":[129.725226,62.111393]},"geometry":{"type":"Polygon","coordinates":[[[129.73069,62.108462],[129.726478,62.10943],[129.724385,62.109863],[129.71871,62.1104],[129.718191,62.111674],[129.718205,62.11188],[129.718626,62.113516],[129.723177,62.113577],[129.728027,62.113825],[129.728409,62.11337],[129.728632,62.112997],[129.728953,62.11209],[129.730318,62.111537],[129.73111,62.111077],[129.733597,62.109865],[129.732818,62.109533],[129.732069,62.109325],[129.73069,62.108462]]]}},{"type":"Feature","properties":{"block_id":"ykt-0567","area_m2":14306,"district":null,"centroid":[129.773976,62.111497]},"geometry":{"type":"Polygon","coordinates":[[[129.773077,62.112121],[129.775722,62.111604],[129.775124,62.110959],[129.774897,62.110895],[129.773284,62.111163],[129.772942,62.111264],[129.772324,62.111313],[129.772383,62.111494],[129.772714,62.111944],[129.773077,62.112121]]]}},{"type":"Feature","properties":{"block_id":"ykt-0568","area_m2":19803,"district":"район Большая Марха","centroid":[129.766727,62.111765]},"geometry":{"type":"Polygon","coordinates":[[[129.765846,62.112449],[129.768367,62.112043],[129.769439,62.11181],[129.76929,62.111693],[129.7689,62.111598],[129.765928,62.111203],[129.765072,62.111228],[129.764568,62.111393],[129.765846,62.112449]]]}},{"type":"Feature","properties":{"block_id":"ykt-0569","area_m2":6192,"district":"микрорайон Марха","centroid":[129.739228,62.111833]},"geometry":{"type":"Polygon","coordinates":[[[129.738561,62.111522],[129.73872,62.112063],[129.738817,62.112246],[129.739047,62.112427],[129.739513,62.112447],[129.739592,62.112385],[129.739652,62.112164],[129.739734,62.111489],[129.739975,62.111388],[129.739862,62.111251],[129.738721,62.111442],[129.738561,62.111522]]]}},{"type":"Feature","properties":{"block_id":"ykt-0570","area_m2":29707,"district":"район Большая Марха","centroid":[129.761542,62.112012]},"geometry":{"type":"Polygon","coordinates":[[[129.76144,62.110836],[129.759449,62.111735],[129.760068,62.112188],[129.760998,62.112983],[129.76132,62.113179],[129.761865,62.112922],[129.763469,62.112465],[129.763241,62.112313],[129.763618,62.112171],[129.763477,62.112021],[129.763054,62.111736],[129.761997,62.111201],[129.76144,62.110836]]]}},{"type":"Feature","properties":{"block_id":"ykt-0571","area_m2":79997,"district":null,"centroid":[129.783136,62.112048]},"geometry":{"type":"Polygon","coordinates":[[[129.779261,62.11026],[129.779366,62.110467],[129.779518,62.110613],[129.779995,62.110816],[129.780873,62.111319],[129.783476,62.113129],[129.78382,62.113564],[129.784647,62.115059],[129.785386,62.115301],[129.785838,62.115251],[129.786359,62.115352],[129.786019,62.114382],[129.785614,62.113649],[129.785142,62.112646],[129.784697,62.112026],[129.782143,62.109378],[129.779261,62.11026]]]}},{"type":"Feature","properties":{"block_id":"ykt-0572","area_m2":63955,"district":null,"centroid":[129.777487,62.112092]},"geometry":{"type":"Polygon","coordinates":[[[129.781882,62.11201],[129.780873,62.111319],[129.779995,62.110816],[129.778922,62.111083],[129.775722,62.111604],[129.773077,62.112121],[129.774298,62.112958],[129.775133,62.113235],[129.775593,62.113306],[129.778856,62.112611],[129.781202,62.112184],[129.781882,62.11201]]]}},{"type":"Feature","properties":{"block_id":"ykt-0573","area_m2":205010,"district":null,"centroid":[129.793724,62.112113]},"geometry":{"type":"Polygon","coordinates":[[[129.794056,62.107674],[129.793286,62.108161],[129.791098,62.109952],[129.790222,62.110116],[129.789951,62.110256],[129.789775,62.111053],[129.789833,62.111256],[129.790264,62.112052],[129.790744,62.112649],[129.790715,62.112714],[129.790405,62.112857],[129.790348,62.112936],[129.790443,62.11322],[129.79,62.113534],[129.790002,62.113614],[129.790513,62.114292],[129.790927,62.114477],[129.791375,62.114586],[129.791577,62.114601],[129.791998,62.114494],[129.792857,62.114641],[129.793183,62.11458],[129.793489,62.114199],[129.793966,62.114071],[129.794396,62.114076],[129.797799,62.115464],[129.798222,62.115622],[129.798761,62.115715],[129.799417,62.115671],[129.800436,62.115152],[129.799737,62.115076],[129.798575,62.114782],[129.798052,62.114576],[129.797738,62.11438],[129.797482,62.114139],[129.79732,62.113936],[129.795748,62.111081],[129.794056,62.107674]]]}},{"type":"Feature","properties":{"block_id":"ykt-0574","area_m2":232941,"district":"микрорайон Марха","centroid":[129.754613,62.112157]},"geometry":{"type":"Polygon","coordinates":[[[129.758366,62.109126],[129.759287,62.108207],[129.758906,62.107909],[129.75871,62.107632],[129.758705,62.107229],[129.758842,62.106765],[129.755434,62.109365],[129.754796,62.109997],[129.753632,62.111361],[129.753463,62.11148],[129.752943,62.111616],[129.749186,62.111783],[129.748872,62.111808],[129.748391,62.111928],[129.748952,62.112832],[129.750783,62.115541],[129.752274,62.115355],[129.754418,62.114988],[129.755912,62.114795],[129.754914,62.113407],[129.754905,62.113329],[129.75502,62.113274],[129.758569,62.11271],[129.758801,62.112711],[129.759055,62.112767],[129.759715,62.11318],[129.759841,62.113327],[129.760366,62.113526],[129.760583,62.113576],[129.760911,62.113436],[129.76132,62.113179],[129.760998,62.112983],[129.760068,62.112188],[129.759449,62.111735],[129.756902,62.110335],[129.758366,62.109126]]]}},{"type":"Feature","properties":{"block_id":"ykt-0575","area_m2":42552,"district":"микрорайон Марха","centroid":[129.735627,62.1122]},"geometry":{"type":"Polygon","coordinates":[[[129.733305,62.111916],[129.734319,62.113515],[129.736749,62.113296],[129.737226,62.11184],[129.737248,62.111682],[129.737046,62.1114],[129.737334,62.111299],[129.738089,62.111254],[129.737743,62.110741],[129.737734,62.110663],[129.737562,62.11068],[129.733305,62.111916]]]}},{"type":"Feature","properties":{"block_id":"ykt-0576","area_m2":19891,"district":"микрорайон Марха","centroid":[129.737954,62.112373]},"geometry":{"type":"Polygon","coordinates":[[[129.739404,62.112914],[129.739403,62.112825],[129.739267,62.112625],[129.738765,62.112174],[129.738561,62.111522],[129.738313,62.111531],[129.738089,62.111254],[129.737334,62.111299],[129.737046,62.1114],[129.737248,62.111682],[129.737226,62.11184],[129.736749,62.113296],[129.737772,62.113229],[129.739134,62.113005],[129.739404,62.112914]]]}},{"type":"Feature","properties":{"block_id":"ykt-0577","area_m2":843,"district":"район Большая Марха","centroid":[129.765557,62.112428]},"geometry":{"type":"Polygon","coordinates":[[[129.765219,62.112288],[129.765463,62.112616],[129.76592,62.112525],[129.765634,62.112259],[129.765219,62.112288]]]}},{"type":"Feature","properties":{"block_id":"ykt-0578","area_m2":24441,"district":"микрорайон Марха","centroid":[129.73254,62.112961]},"geometry":{"type":"Polygon","coordinates":[[[129.731294,62.113796],[129.733162,62.113655],[129.734319,62.113515],[129.733305,62.111916],[129.730921,62.112552],[129.73106,62.112819],[129.731004,62.113132],[129.731223,62.113481],[129.731294,62.113796]]]}},{"type":"Feature","properties":{"block_id":"ykt-0579","area_m2":20341,"district":"микрорайон Марха","centroid":[129.757246,62.113342]},"geometry":{"type":"Polygon","coordinates":[[[129.759841,62.113327],[129.759715,62.11318],[129.759055,62.112767],[129.758569,62.11271],[129.75502,62.113274],[129.754905,62.113329],[129.754914,62.113407],[129.75535,62.114046],[129.759841,62.113327]]]}},{"type":"Feature","properties":{"block_id":"ykt-0580","area_m2":1115,"district":"микрорайон Марха","centroid":[129.741508,62.113534]},"geometry":{"type":"Polygon","coordinates":[[[129.740928,62.113439],[129.741199,62.11354],[129.741219,62.113674],[129.741152,62.113731],[129.741535,62.113673],[129.74212,62.113491],[129.741714,62.113407],[129.740928,62.113439]]]}},{"type":"Feature","properties":{"block_id":"ykt-0581","area_m2":14173,"district":"микрорайон Марха","centroid":[129.73555,62.113826]},"geometry":{"type":"Polygon","coordinates":[[[129.734632,62.114778],[129.734744,62.114781],[129.73525,62.114606],[129.736696,62.113843],[129.737205,62.113516],[129.737509,62.113254],[129.735767,62.113361],[129.733722,62.113591],[129.734041,62.113872],[129.734859,62.114126],[129.734938,62.114195],[129.734953,62.114293],[129.734908,62.114381],[129.734632,62.114778]]]}},{"type":"Feature","properties":{"block_id":"ykt-0582","area_m2":86689,"district":null,"centroid":[129.781853,62.11401]},"geometry":{"type":"Polygon","coordinates":[[[129.785386,62.115301],[129.784647,62.115059],[129.783661,62.113325],[129.783154,62.11287],[129.781882,62.11201],[129.781202,62.112184],[129.778856,62.112611],[129.776996,62.113023],[129.77868,62.11431],[129.781302,62.113662],[129.781603,62.113711],[129.781701,62.113774],[129.78213,62.114339],[129.782086,62.114416],[129.781796,62.114607],[129.781765,62.114735],[129.782083,62.115018],[129.782661,62.115895],[129.783902,62.115646],[129.784891,62.117114],[129.785287,62.117378],[129.785239,62.116324],[129.785516,62.115968],[129.785386,62.115301]]]}},{"type":"Feature","properties":{"block_id":"ykt-0583","area_m2":24345,"district":"микрорайон Марха","centroid":[129.758094,62.114033]},"geometry":{"type":"Polygon","coordinates":[[[129.760583,62.113576],[129.759841,62.113327],[129.759687,62.113328],[129.75535,62.114046],[129.755912,62.114795],[129.760956,62.114011],[129.76061,62.113681],[129.760583,62.113576]]]}},{"type":"Feature","properties":{"block_id":"ykt-0584","area_m2":31190,"district":"микрорайон Марха","centroid":[129.746813,62.114076]},"geometry":{"type":"Polygon","coordinates":[[[129.748952,62.112832],[129.745569,62.113757],[129.744964,62.114045],[129.744281,62.114553],[129.744837,62.114733],[129.745021,62.114897],[129.746376,62.1154],[129.747055,62.115011],[129.746876,62.114618],[129.746996,62.114341],[129.747115,62.114254],[129.748003,62.114064],[129.749479,62.113607],[129.748952,62.112832]]]}},{"type":"Feature","properties":{"block_id":"ykt-0585","area_m2":16244,"district":null,"centroid":[129.780579,62.114368]},"geometry":{"type":"Polygon","coordinates":[[[129.77868,62.11431],[129.779696,62.114938],[129.780038,62.115034],[129.78042,62.115006],[129.781177,62.114784],[129.781765,62.114735],[129.781796,62.114607],[129.782086,62.114416],[129.78213,62.114339],[129.781701,62.113774],[129.781603,62.113711],[129.781302,62.113662],[129.77868,62.11431]]]}},{"type":"Feature","properties":{"block_id":"ykt-0586","area_m2":3473,"district":"микрорайон Марха","centroid":[129.747602,62.114408]},"geometry":{"type":"Polygon","coordinates":[[[129.748003,62.114064],[129.747115,62.114254],[129.746905,62.114481],[129.746876,62.114618],[129.746965,62.114817],[129.74764,62.114532],[129.747981,62.114503],[129.748512,62.11461],[129.748202,62.114223],[129.748003,62.114064]]]}},{"type":"Feature","properties":{"block_id":"ykt-0587","area_m2":16108,"district":null,"centroid":[129.787009,62.114696]},"geometry":{"type":"Polygon","coordinates":[[[129.788138,62.115408],[129.788472,62.115343],[129.788437,62.115202],[129.788301,62.115057],[129.787825,62.114722],[129.78758,62.114265],[129.787359,62.113972],[129.787071,62.113893],[129.785734,62.113811],[129.786091,62.11455],[129.786359,62.115352],[129.786807,62.115455],[129.787111,62.115471],[129.788138,62.115408]]]}},{"type":"Feature","properties":{"block_id":"ykt-0588","area_m2":109250,"district":"микрорайон Марха","centroid":[129.730609,62.11489]},"geometry":{"type":"Polygon","coordinates":[[[129.733367,62.116624],[129.734058,62.115494],[129.734632,62.114778],[129.734953,62.114293],[129.734938,62.114195],[129.734859,62.114126],[129.734041,62.113872],[129.733722,62.113591],[129.731614,62.113779],[129.729245,62.113855],[129.724816,62.113658],[129.725581,62.114216],[129.725677,62.114332],[129.725726,62.114613],[129.726211,62.114701],[129.72659,62.114832],[129.727246,62.115171],[129.727603,62.115517],[129.727844,62.115562],[129.728619,62.115424],[129.728745,62.115465],[129.729077,62.115917],[129.729322,62.116124],[129.729503,62.116366],[129.730301,62.116435],[129.732046,62.11639],[129.733367,62.116624]]]}},{"type":"Feature","properties":{"block_id":"ykt-0589","area_m2":385394,"district":"микрорайон Марха","centroid":[129.741001,62.114931]},"geometry":{"type":"Polygon","coordinates":[[[129.748391,62.111928],[129.747918,62.111352],[129.747786,62.111088],[129.747774,62.110702],[129.747871,62.109753],[129.746835,62.109575],[129.745993,62.109614],[129.742315,62.110069],[129.741983,62.110138],[129.741457,62.110337],[129.740391,62.111087],[129.739862,62.111251],[129.739975,62.111388],[129.739734,62.111489],[129.739652,62.112164],[129.739571,62.112421],[129.739442,62.112454],[129.739047,62.112427],[129.739356,62.112729],[129.739404,62.112914],[129.739484,62.11299],[129.740059,62.113207],[129.740928,62.113439],[129.741714,62.113407],[129.74212,62.113491],[129.741535,62.113673],[129.741152,62.113731],[129.740924,62.113845],[129.740045,62.114726],[129.737392,62.117076],[129.736951,62.117413],[129.736082,62.117681],[129.735402,62.117494],[129.734184,62.117637],[129.732263,62.118136],[129.732065,62.11852],[129.731463,62.1188],[129.731359,62.118909],[129.731308,62.119051],[129.731355,62.119301],[129.731216,62.119659],[129.731662,62.12],[129.731835,62.12],[129.732659,62.119649],[129.732952,62.119596],[129.733947,62.12],[129.740184,62.12],[129.740398,62.119816],[129.740345,62.11938],[129.74053,62.118736],[129.740798,62.118511],[129.741602,62.118083],[129.741889,62.117854],[129.741958,62.117536],[129.741911,62.11726],[129.741722,62.11671],[129.741717,62.116579],[129.741791,62.116441],[129.742076,62.116178],[129.744793,62.114165],[129.745338,62.113843],[129.748952,62.112832],[129.748391,62.111928]]]}},{"type":"Feature","properties":{"block_id":"ykt-0590","area_m2":64099,"district":null,"centroid":[129.720946,62.114944]},"geometry":{"type":"Polygon","coordinates":[[[129.722258,62.113551],[129.718626,62.113516],[129.71942,62.11643],[129.721741,62.116384],[129.723077,62.116226],[129.723088,62.115932],[129.722967,62.115362],[129.722968,62.115268],[129.723082,62.11508],[129.722991,62.114236],[129.72237,62.113793],[129.722258,62.113551]]]}},{"type":"Feature","properties":{"block_id":"ykt-0591","area_m2":56474,"district":"микрорайон Марха","centroid":[129.735748,62.115368]},"geometry":{"type":"Polygon","coordinates":[[[129.737509,62.113254],[129.737205,62.113516],[129.736696,62.113843],[129.73525,62.114606],[129.734744,62.114781],[129.734632,62.114778],[129.734058,62.115494],[129.73321,62.116875],[129.733176,62.117196],[129.73347,62.117813],[129.733951,62.117682],[129.734691,62.11756],[129.736029,62.116063],[129.736761,62.115341],[129.73864,62.113622],[129.739398,62.113334],[129.739617,62.113052],[129.739404,62.112914],[129.739134,62.113005],[129.737509,62.113254]]]}},{"type":"Feature","properties":{"block_id":"ykt-0592","area_m2":45403,"district":"микрорайон Марха","centroid":[129.749203,62.115378]},"geometry":{"type":"Polygon","coordinates":[[[129.748961,62.116896],[129.75135,62.116504],[129.750783,62.115541],[129.749479,62.113607],[129.748003,62.114064],[129.748202,62.114223],[129.748512,62.11461],[129.747981,62.114503],[129.74764,62.114532],[129.746965,62.114817],[129.747055,62.115011],[129.748961,62.116896]]]}},{"type":"Feature","properties":{"block_id":"ykt-0593","area_m2":60348,"district":"микрорайон Марха","centroid":[129.738018,62.115392]},"geometry":{"type":"Polygon","coordinates":[[[129.734691,62.11756],[129.735402,62.117494],[129.736082,62.117681],[129.736951,62.117413],[129.737392,62.117076],[129.740045,62.114726],[129.740856,62.1139],[129.741219,62.113674],[129.741199,62.11354],[129.739617,62.113052],[129.739398,62.113334],[129.73864,62.113622],[129.736029,62.116063],[129.734691,62.11756]]]}},{"type":"Feature","properties":{"block_id":"ykt-0594","area_m2":14028,"district":"микрорайон Марха","centroid":[129.766969,62.11564]},"geometry":{"type":"Polygon","coordinates":[[[129.766666,62.114421],[129.765938,62.114616],[129.765842,62.114702],[129.765835,62.114769],[129.766232,62.115492],[129.767288,62.116758],[129.767481,62.116799],[129.768251,62.116716],[129.766666,62.114421]]]}},{"type":"Feature","properties":{"block_id":"ykt-0595","area_m2":32330,"district":null,"centroid":[129.768255,62.116159]},"geometry":{"type":"Polygon","coordinates":[[[129.765463,62.112616],[129.767063,62.115025],[129.768606,62.117194],[129.770507,62.12],[129.771106,62.12],[129.768871,62.116436],[129.767536,62.11439],[129.767087,62.113796],[129.76592,62.112525],[129.765463,62.112616]]]}},{"type":"Feature","properties":{"block_id":"ykt-0596","area_m2":194858,"district":"микрорайон Марха","centroid":[129.765317,62.116174]},"geometry":{"type":"Polygon","coordinates":[[[129.763164,62.116826],[129.763841,62.117132],[129.764331,62.117548],[129.765202,62.118547],[129.765936,62.11928],[129.766442,62.12],[129.770507,62.12],[129.768251,62.116716],[129.767481,62.116799],[129.767288,62.116758],[129.766232,62.115492],[129.765835,62.114769],[129.765842,62.114702],[129.765938,62.114616],[129.766666,62.114421],[129.765219,62.112288],[129.764349,62.1123],[129.763469,62.112465],[129.761865,62.112922],[129.761535,62.113056],[129.761093,62.113338],[129.760583,62.113576],[129.76061,62.113681],[129.761278,62.114331],[129.761439,62.114582],[129.76149,62.114918],[129.761591,62.115159],[129.76241,62.116179],[129.762734,62.11636],[129.763164,62.116826]]]}},{"type":"Feature","properties":{"block_id":"ykt-0597","area_m2":16471,"district":"микрорайон Марха","centroid":[129.747781,62.116336]},"geometry":{"type":"Polygon","coordinates":[[[129.746376,62.1154],[129.746331,62.115606],[129.746766,62.115988],[129.747861,62.117097],[129.748175,62.117345],[129.748401,62.117457],[129.74865,62.117484],[129.749457,62.117352],[129.747055,62.115011],[129.746376,62.1154]]]}},{"type":"Feature","properties":{"block_id":"ykt-0598","area_m2":212450,"district":"микрорайон Марха","centroid":[129.756884,62.116433]},"geometry":{"type":"Polygon","coordinates":[[[129.760956,62.114011],[129.755376,62.114886],[129.754418,62.114988],[129.752274,62.115355],[129.750783,62.115541],[129.75135,62.116504],[129.753025,62.118976],[129.763303,62.117039],[129.763473,62.116951],[129.763164,62.116826],[129.762734,62.11636],[129.76241,62.116179],[129.761591,62.115159],[129.76149,62.114918],[129.761439,62.114582],[129.761278,62.114331],[129.760956,62.114011]]]}},{"type":"Feature","properties":{"block_id":"ykt-0599","area_m2":11190,"district":null,"centroid":[129.783804,62.116474]},"geometry":{"type":"Polygon","coordinates":[[[129.782661,62.115895],[129.7834,62.116853],[129.783993,62.117331],[129.784891,62.117114],[129.783902,62.115646],[129.782661,62.115895]]]}},{"type":"Feature","properties":{"block_id":"ykt-0600","area_m2":47968,"district":null,"centroid":[129.782407,62.116684]},"geometry":{"type":"Polygon","coordinates":[[[129.784456,62.118964],[129.785425,62.118456],[129.785499,62.118316],[129.785189,62.118076],[129.784615,62.117774],[129.7834,62.116853],[129.783038,62.116426],[129.781941,62.114866],[129.781765,62.114735],[129.781424,62.114754],[129.780914,62.114849],[129.78042,62.115006],[129.780038,62.115034],[129.779865,62.115001],[129.779818,62.115055],[129.779809,62.115202],[129.780159,62.115473],[129.780168,62.115549],[129.780105,62.115623],[129.779791,62.115734],[129.779732,62.115843],[129.779993,62.116039],[129.780541,62.116278],[129.784456,62.118964]]]}},{"type":"Feature","properties":{"block_id":"ykt-0601","area_m2":21887,"district":null,"centroid":[129.799641,62.11675]},"geometry":{"type":"Polygon","coordinates":[[[129.800028,62.119002],[129.799467,62.117188],[129.799492,62.116883],[129.79961,62.116642],[129.799969,62.116191],[129.800462,62.115783],[129.801027,62.115542],[129.801804,62.115337],[129.802447,62.115226],[129.800436,62.115152],[129.799645,62.115589],[129.799417,62.115671],[129.799006,62.115723],[129.798558,62.116812],[129.798686,62.117385],[129.799326,62.118795],[129.799577,62.119012],[129.800028,62.119002]]]}},{"type":"Feature","properties":{"block_id":"ykt-0602","area_m2":74268,"district":"микрорайон Марха","centroid":[129.743695,62.116755]},"geometry":{"type":"Polygon","coordinates":[[[129.744281,62.114553],[129.742076,62.116178],[129.741791,62.116441],[129.741717,62.116579],[129.741722,62.11671],[129.741911,62.11726],[129.741947,62.11772],[129.741889,62.117854],[129.741602,62.118083],[129.740798,62.118511],[129.74053,62.118736],[129.740345,62.11938],[129.740398,62.119816],[129.740607,62.119772],[129.741426,62.119378],[129.741769,62.119117],[129.742932,62.118007],[129.743463,62.11766],[129.743954,62.117459],[129.745418,62.117008],[129.74734,62.116573],[129.746331,62.115606],[129.746376,62.1154],[129.745021,62.114897],[129.744837,62.114733],[129.744281,62.114553]]]}},{"type":"Feature","properties":{"block_id":"ykt-0603","area_m2":49878,"district":null,"centroid":[129.790914,62.11692]},"geometry":{"type":"Polygon","coordinates":[[[129.788472,62.115343],[129.788138,62.115408],[129.788374,62.115514],[129.788659,62.116025],[129.789281,62.116447],[129.789758,62.116955],[129.790754,62.118662],[129.790967,62.118801],[129.79121,62.118857],[129.792277,62.118801],[129.79241,62.118731],[129.792236,62.117807],[129.792188,62.11728],[129.792348,62.117179],[129.792914,62.117138],[129.792681,62.116712],[129.792417,62.115848],[129.791094,62.115749],[129.789263,62.115388],[129.788472,62.115343]]]}},{"type":"Feature","properties":{"block_id":"ykt-0604","area_m2":22875,"district":null,"centroid":[129.794917,62.117118]},"geometry":{"type":"Polygon","coordinates":[[[129.796126,62.118834],[129.796666,62.11874],[129.796819,62.118626],[129.796043,62.117369],[129.79593,62.117072],[129.795325,62.11651],[129.794541,62.116061],[129.792417,62.115848],[129.792616,62.116543],[129.79357,62.116446],[129.793891,62.1165],[129.794121,62.116684],[129.796126,62.118834]]]}},{"type":"Feature","properties":{"block_id":"ykt-0605","area_m2":10352,"district":"микрорайон Марха","centroid":[129.732656,62.117277]},"geometry":{"type":"Polygon","coordinates":[[[129.732263,62.118136],[129.73347,62.117813],[129.733176,62.117196],[129.73321,62.116875],[129.733367,62.116624],[129.732288,62.116453],[129.732223,62.116517],[129.732149,62.116651],[129.732225,62.116732],[129.73201,62.116844],[129.731947,62.11696],[129.731973,62.117168],[129.732084,62.11736],[129.732086,62.117426],[129.732006,62.117512],[129.732263,62.118136]]]}},{"type":"Feature","properties":{"block_id":"ykt-0606","area_m2":287006,"district":"микрорайон Марха","centroid":[129.725609,62.117349]},"geometry":{"type":"Polygon","coordinates":[[[129.725319,62.12],[129.726935,62.119518],[129.727539,62.11938],[129.727663,62.119526],[129.727906,62.119686],[129.728494,62.119541],[129.728895,62.11953],[129.729165,62.119683],[129.729508,62.12],[129.730293,62.12],[129.731242,62.119703],[129.731215,62.119604],[129.731355,62.119301],[129.731318,62.118985],[129.731463,62.1188],[129.731149,62.118792],[129.730253,62.118029],[129.730157,62.11788],[129.730348,62.11772],[129.730547,62.117667],[129.732006,62.117512],[129.732086,62.117426],[129.732084,62.11736],[129.731973,62.117168],[129.731947,62.11696],[129.73201,62.116844],[129.732225,62.116732],[129.732149,62.116651],[129.732288,62.116453],[129.732046,62.11639],[129.730301,62.116435],[129.729503,62.116366],[129.729322,62.116124],[129.729077,62.115917],[129.728745,62.115465],[129.728619,62.115424],[129.727844,62.115562],[129.727603,62.115517],[129.727246,62.115171],[129.72659,62.114832],[129.726211,62.114701],[129.725726,62.114613],[129.725677,62.114332],[129.725581,62.114216],[129.724816,62.113658],[129.722258,62.113551],[129.72237,62.113793],[129.722991,62.114236],[129.723082,62.11508],[129.722968,62.115268],[129.722967,62.115362],[129.723107,62.116182],[129.722994,62.116249],[129.721741,62.116384],[129.71942,62.11643],[129.720123,62.119209],[129.721709,62.11908],[129.72223,62.11909],[129.722452,62.119519],[129.722421,62.119575],[129.722146,62.119795],[129.72174,62.119893],[129.721506,62.12],[129.725319,62.12]]]}},{"type":"Feature","properties":{"block_id":"ykt-0607","area_m2":4287,"district":"микрорайон Марха","centroid":[129.723889,62.117424]},"geometry":{"type":"Polygon","coordinates":[[[129.724721,62.117626],[129.724731,62.117432],[129.724829,62.117262],[129.724345,62.117247],[129.723573,62.117117],[129.723264,62.117165],[129.723026,62.117682],[129.724721,62.117626]]]}},{"type":"Feature","properties":{"block_id":"ykt-0608","area_m2":3759,"district":null,"centroid":[129.784787,62.117522]},"geometry":{"type":"Polygon","coordinates":[[[129.785189,62.118076],[129.785287,62.117378],[129.784891,62.117114],[129.783993,62.117331],[129.784615,62.117774],[129.785189,62.118076]]]}},{"type":"Feature","properties":{"block_id":"ykt-0609","area_m2":27357,"district":null,"centroid":[129.794244,62.117864]},"geometry":{"type":"Polygon","coordinates":[[[129.796126,62.118834],[129.794121,62.116684],[129.793891,62.1165],[129.79357,62.116446],[129.792616,62.116543],[129.793153,62.117719],[129.793953,62.118787],[129.794441,62.119287],[129.795522,62.118947],[129.796126,62.118834]]]}},{"type":"Feature","properties":{"block_id":"ykt-0610","area_m2":66203,"district":null,"centroid":[129.789251,62.11787]},"geometry":{"type":"Polygon","coordinates":[[[129.786359,62.115352],[129.78681,62.116585],[129.78725,62.116964],[129.787692,62.117463],[129.789563,62.12],[129.7925,62.12],[129.792356,62.119742],[129.792288,62.119424],[129.79214,62.119067],[129.791903,62.118838],[129.791086,62.118841],[129.790754,62.118662],[129.789758,62.116955],[129.789281,62.116447],[129.788659,62.116025],[129.788374,62.115514],[129.788138,62.115408],[129.787111,62.115471],[129.786807,62.115455],[129.786359,62.115352]]]}},{"type":"Feature","properties":{"block_id":"ykt-0611","area_m2":10639,"district":"микрорайон Марха","centroid":[129.731314,62.118112]},"geometry":{"type":"Polygon","coordinates":[[[129.732263,62.118136],[129.732006,62.117512],[129.730547,62.117667],[129.730348,62.11772],[129.730157,62.11788],[129.730253,62.118029],[129.730568,62.118308],[129.731149,62.118792],[129.731237,62.118813],[129.731463,62.1188],[129.731693,62.118723],[129.732065,62.11852],[129.732263,62.118136]]]}},{"type":"Feature","properties":{"block_id":"ykt-0612","area_m2":3088,"district":"микрорайон Марха","centroid":[129.726379,62.118263]},"geometry":{"type":"Polygon","coordinates":[[[129.72711,62.118385],[129.726891,62.118083],[129.726706,62.117985],[129.725815,62.11809],[129.725719,62.11817],[129.725801,62.118368],[129.726001,62.118556],[129.72711,62.118385]]]}},{"type":"Feature","properties":{"block_id":"ykt-0613","area_m2":76295,"district":null,"centroid":[129.78654,62.118329]},"geometry":{"type":"Polygon","coordinates":[[[129.785386,62.115301],[129.785516,62.115968],[129.785239,62.116324],[129.785293,62.117182],[129.785189,62.118076],[129.785452,62.118244],[129.785494,62.118384],[129.785183,62.118592],[129.784456,62.118964],[129.78334,62.119427],[129.783811,62.11952],[129.785001,62.12],[129.789563,62.12],[129.787692,62.117463],[129.78725,62.116964],[129.78681,62.116585],[129.786359,62.115352],[129.785838,62.115251],[129.785386,62.115301]]]}},{"type":"Feature","properties":{"block_id":"ykt-0614","area_m2":59781,"district":"микрорайон Марха","centroid":[129.758667,62.118393]},"geometry":{"type":"Polygon","coordinates":[[[129.753595,62.119844],[129.764502,62.117748],[129.764331,62.117548],[129.763841,62.117132],[129.763473,62.116951],[129.763303,62.117039],[129.753025,62.118976],[129.753595,62.119844]]]}},{"type":"Feature","properties":{"block_id":"ykt-0615","area_m2":155617,"district":"микрорайон Марха","centroid":[129.747866,62.118503]},"geometry":{"type":"Polygon","coordinates":[[[129.749457,62.117352],[129.74865,62.117484],[129.748401,62.117457],[129.748175,62.117345],[129.747861,62.117097],[129.74734,62.116573],[129.745418,62.117008],[129.743954,62.117459],[129.743463,62.11766],[129.742932,62.118007],[129.741769,62.119117],[129.741426,62.119378],[129.740607,62.119772],[129.740398,62.119816],[129.740184,62.12],[129.743514,62.12],[129.744596,62.119078],[129.745531,62.118335],[129.745637,62.118307],[129.748168,62.118858],[129.748249,62.118909],[129.748206,62.118981],[129.747334,62.119439],[129.746054,62.12],[129.753716,62.12],[129.75135,62.116504],[129.748961,62.116896],[129.749457,62.117352]]]}},{"type":"Feature","properties":{"block_id":"ykt-0616","area_m2":3003,"district":"микрорайон Марха","centroid":[129.726665,62.118683]},"geometry":{"type":"Polygon","coordinates":[[[129.727362,62.118792],[129.72711,62.118385],[129.726001,62.118556],[129.726196,62.118988],[129.727362,62.118792]]]}},{"type":"Feature","properties":{"block_id":"ykt-0617","area_m2":25914,"district":null,"centroid":[129.793223,62.118905]},"geometry":{"type":"Polygon","coordinates":[[[129.792914,62.117138],[129.792348,62.117179],[129.792188,62.11728],[129.792291,62.118168],[129.792427,62.118662],[129.792311,62.118935],[129.79214,62.119067],[129.792288,62.119424],[129.792356,62.119742],[129.7925,62.12],[129.795137,62.12],[129.793953,62.118787],[129.79343,62.118118],[129.793153,62.117719],[129.792914,62.117138]]]}},{"type":"Feature","properties":{"block_id":"ykt-0618","area_m2":53299,"district":null,"centroid":[129.718114,62.118975]},"geometry":{"type":"Polygon","coordinates":[[[129.720249,62.119589],[129.719572,62.117026],[129.719058,62.117183],[129.714439,62.12],[129.720529,62.12],[129.720249,62.119589]]]}},{"type":"Feature","properties":{"block_id":"ykt-0619","area_m2":50712,"district":"микрорайон Марха","centroid":[129.759983,62.119043]},"geometry":{"type":"Polygon","coordinates":[[[129.7574,62.12],[129.765202,62.118547],[129.764502,62.117748],[129.753595,62.119844],[129.753716,62.12],[129.7574,62.12]]]}},{"type":"Feature","properties":{"block_id":"ykt-0620","area_m2":86725,"district":null,"centroid":[129.647736,62.119169]},"geometry":{"type":"Polygon","coordinates":[[[129.653193,62.117962],[129.645394,62.11863],[129.642093,62.118913],[129.642676,62.12],[129.651229,62.12],[129.652045,62.119091],[129.653193,62.117962]]]}},{"type":"Feature","properties":{"block_id":"ykt-0621","area_m2":25741,"district":"микрорайон Марха","centroid":[129.745882,62.119249]},"geometry":{"type":"Polygon","coordinates":[[[129.745531,62.118335],[129.743514,62.12],[129.746054,62.12],[129.747334,62.119439],[129.748206,62.118981],[129.748249,62.118909],[129.748168,62.118858],[129.745637,62.118307],[129.745531,62.118335]]]}},{"type":"Feature","properties":{"block_id":"ykt-0622","area_m2":9578,"district":null,"centroid":[129.657097,62.119365]},"geometry":{"type":"Polygon","coordinates":[[[129.65645,62.119963],[129.658797,62.119008],[129.658822,62.118911],[129.658479,62.118711],[129.658308,62.118698],[129.657103,62.119157],[129.655686,62.119435],[129.655428,62.119537],[129.655394,62.119615],[129.655402,62.119692],[129.65602,62.119837],[129.656221,62.119949],[129.65645,62.119963]]]}},{"type":"Feature","properties":{"block_id":"ykt-0623","area_m2":9279,"district":null,"centroid":[129.641022,62.119378]},"geometry":{"type":"Polygon","coordinates":[[[129.642093,62.118913],[129.64,62.119097],[129.64,62.11998],[129.641657,62.119606],[129.642352,62.119348],[129.642093,62.118913]]]}},{"type":"Feature","properties":{"block_id":"ykt-0624","area_m2":29553,"district":"микрорайон Марха","centroid":[129.762505,62.119438]},"geometry":{"type":"Polygon","coordinates":[[[129.762142,62.12],[129.765936,62.11928],[129.765202,62.118547],[129.7574,62.12],[129.762142,62.12]]]}},{"type":"Feature","properties":{"block_id":"ykt-0625","area_m2":9725,"district":null,"centroid":[129.721285,62.119523]},"geometry":{"type":"Polygon","coordinates":[[[129.72223,62.11909],[129.721709,62.11908],[129.720123,62.119209],[129.720249,62.119589],[129.720529,62.12],[129.721506,62.12],[129.72174,62.119893],[129.722146,62.119795],[129.722421,62.119575],[129.722452,62.119519],[129.72223,62.11909]]]}},{"type":"Feature","properties":{"block_id":"ykt-0626","area_m2":8891,"district":"микрорайон Марха","centroid":[129.764849,62.119761]},"geometry":{"type":"Polygon","coordinates":[[[129.765936,62.11928],[129.763076,62.11983],[129.762142,62.12],[129.766442,62.12],[129.765936,62.11928]]]}},{"type":"Feature","properties":{"block_id":"ykt-0627","area_m2":5010,"district":"микрорайон Марха","centroid":[129.726935,62.119781]},"geometry":{"type":"Polygon","coordinates":[[[129.727539,62.11938],[129.726935,62.119518],[129.725319,62.12],[129.727854,62.12],[129.727796,62.119844],[129.727906,62.119686],[129.727663,62.119526],[129.727539,62.11938]]]}},{"type":"Feature","properties":{"block_id":"ykt-0628","area_m2":4323,"district":null,"centroid":[129.641661,62.119786]},"geometry":{"type":"Polygon","coordinates":[[[129.642352,62.119348],[129.641657,62.119606],[129.64,62.12],[129.641983,62.12],[129.6426,62.119866],[129.642352,62.119348]]]}},{"type":"Feature","properties":{"block_id":"ykt-0629","area_m2":5927,"district":null,"centroid":[129.783315,62.119791]},"geometry":{"type":"Polygon","coordinates":[[[129.78334,62.119427],[129.781864,62.119858],[129.78203,62.12],[129.784672,62.12],[129.784736,62.119914],[129.783811,62.11952],[129.78334,62.119427]]]}},{"type":"Feature","properties":{"block_id":"ykt-0630","area_m2":3466,"district":"микрорайон Марха","centroid":[129.728593,62.119802]},"geometry":{"type":"Polygon","coordinates":[[[129.729508,62.12],[129.729165,62.119683],[129.728895,62.11953],[129.728494,62.119541],[129.728096,62.11963],[129.727906,62.119686],[129.727796,62.119844],[129.727854,62.12],[129.729508,62.12]]]}},{"type":"Feature","properties":{"block_id":"ykt-0631","area_m2":2644,"district":"микрорайон Марха","centroid":[129.732884,62.119858]},"geometry":{"type":"Polygon","coordinates":[[[129.732952,62.119596],[129.732659,62.119649],[129.731835,62.12],[129.733947,62.12],[129.732952,62.119596]]]}},{"type":"Feature","properties":{"block_id":"ykt-0632","area_m2":1178,"district":"микрорайон Марха","centroid":[129.731065,62.119901]},"geometry":{"type":"Polygon","coordinates":[[[129.731662,62.12],[129.731242,62.119703],[129.730293,62.12],[129.731662,62.12]]]}}]}